topic_id,discipline,main_keyword,secondary_keywords,search_intent,season,content_type,buyer_intent_score,angle,recommended_product_clusters,internal_link_targets
1,karper,beste boilies winter,"karper aas winter,karper tips winter,watertemperatuur winter",koop,winter,toplist,5,prijs/kwaliteit + situaties,"boilies,popups,wafters,pellets,liquids,rigs,haken,onderlijnen","aas-gids,rigs-gids,knopen,stekkenmap,weer-tool"
2,karper,beste boilies voorjaar,"karper aas voorjaar,karper tips voorjaar,watertemperatuur voorjaar",koop,voorjaar,toplist,5,prijs/kwaliteit + situaties,"boilies,popups,wafters,pellets,liquids,rigs,haken,onderlijnen","aas-gids,rigs-gids,knopen,stekkenmap,weer-tool"
3,karper,beste boilies zomer,"karper aas zomer,karper tips zomer,watertemperatuur zomer",koop,zomer,toplist,5,prijs/kwaliteit + situaties,"boilies,popups,wafters,pellets,liquids,rigs,haken,onderlijnen","aas-gids,rigs-gids,knopen,stekkenmap,weer-tool"
4,karper,beste boilies herfst,"karper aas herfst,karper tips herfst,watertemperatuur herfst",koop,herfst,toplist,5,prijs/kwaliteit + situaties,"boilies,popups,wafters,pellets,liquids,rigs,haken,onderlijnen","aas-gids,rigs-gids,knopen,stekkenmap,weer-tool"
5,karper,beste pop-ups winter,"karper aas winter,karper tips winter,watertemperatuur winter",koop,winter,toplist,5,zichtbaarheid + attractie,"boilies,popups,wafters,pellets,liquids,rigs,haken,onderlijnen","aas-gids,rigs-gids,knopen,stekkenmap,weer-tool"
6,karper,beste pop-ups voorjaar,"karper aas voorjaar,karper tips voorjaar,watertemperatuur voorjaar",koop,voorjaar,toplist,5,zichtbaarheid + attractie,"boilies,popups,wafters,pellets,liquids,rigs,haken,onderlijnen","aas-gids,rigs-gids,knopen,stekkenmap,weer-tool"
7,karper,beste pop-ups zomer,"karper aas zomer,karper tips zomer,watertemperatuur zomer",koop,zomer,toplist,5,zichtbaarheid + attractie,"boilies,popups,wafters,pellets,liquids,rigs,haken,onderlijnen","aas-gids,rigs-gids,knopen,stekkenmap,weer-tool"
8,karper,beste pop-ups herfst,"karper aas herfst,karper tips herfst,watertemperatuur herfst",koop,herfst,toplist,5,zichtbaarheid + attractie,"boilies,popups,wafters,pellets,liquids,rigs,haken,onderlijnen","aas-gids,rigs-gids,knopen,stekkenmap,weer-tool"
9,karper,beste wafters winter,"karper aas winter,karper tips winter,watertemperatuur winter",koop,winter,toplist,5,neutrale presentatie,"boilies,popups,wafters,pellets,liquids,rigs,haken,onderlijnen","aas-gids,rigs-gids,knopen,stekkenmap,weer-tool"
10,karper,beste wafters voorjaar,"karper aas voorjaar,karper tips voorjaar,watertemperatuur voorjaar",koop,voorjaar,toplist,5,neutrale presentatie,"boilies,popups,wafters,pellets,liquids,rigs,haken,onderlijnen","aas-gids,rigs-gids,knopen,stekkenmap,weer-tool"
11,karper,beste wafters zomer,"karper aas zomer,karper tips zomer,watertemperatuur zomer",koop,zomer,toplist,5,neutrale presentatie,"boilies,popups,wafters,pellets,liquids,rigs,haken,onderlijnen","aas-gids,rigs-gids,knopen,stekkenmap,weer-tool"
12,karper,beste wafters herfst,"karper aas herfst,karper tips herfst,watertemperatuur herfst",koop,herfst,toplist,5,neutrale presentatie,"boilies,popups,wafters,pellets,liquids,rigs,haken,onderlijnen","aas-gids,rigs-gids,knopen,stekkenmap,weer-tool"
13,karper,beste pellets winter,"karper aas winter,karper tips winter,watertemperatuur winter",koop,winter,toplist,4,voersnelheid + selectiviteit,"boilies,popups,wafters,pellets,liquids,rigs,haken,onderlijnen","aas-gids,rigs-gids,knopen,stekkenmap,weer-tool"
14,karper,beste pellets voorjaar,"karper aas voorjaar,karper tips voorjaar,watertemperatuur voorjaar",koop,voorjaar,toplist,4,voersnelheid + selectiviteit,"boilies,popups,wafters,pellets,liquids,rigs,haken,onderlijnen","aas-gids,rigs-gids,knopen,stekkenmap,weer-tool"
15,karper,beste pellets zomer,"karper aas zomer,karper tips zomer,watertemperatuur zomer",koop,zomer,toplist,4,voersnelheid + selectiviteit,"boilies,popups,wafters,pellets,liquids,rigs,haken,onderlijnen","aas-gids,rigs-gids,knopen,stekkenmap,weer-tool"
16,karper,beste pellets herfst,"karper aas herfst,karper tips herfst,watertemperatuur herfst",koop,herfst,toplist,4,voersnelheid + selectiviteit,"boilies,popups,wafters,pellets,liquids,rigs,haken,onderlijnen","aas-gids,rigs-gids,knopen,stekkenmap,weer-tool"
17,karper,beste attractors winter,"karper aas winter,karper tips winter,watertemperatuur winter",koop,winter,toplist,5,extra geur/smaak prikkel,"boilies,popups,wafters,pellets,liquids,rigs,haken,onderlijnen","aas-gids,rigs-gids,knopen,stekkenmap,weer-tool"
18,karper,beste attractors voorjaar,"karper aas voorjaar,karper tips voorjaar,watertemperatuur voorjaar",koop,voorjaar,toplist,5,extra geur/smaak prikkel,"boilies,popups,wafters,pellets,liquids,rigs,haken,onderlijnen","aas-gids,rigs-gids,knopen,stekkenmap,weer-tool"
19,karper,beste attractors zomer,"karper aas zomer,karper tips zomer,watertemperatuur zomer",koop,zomer,toplist,5,extra geur/smaak prikkel,"boilies,popups,wafters,pellets,liquids,rigs,haken,onderlijnen","aas-gids,rigs-gids,knopen,stekkenmap,weer-tool"
20,karper,beste attractors herfst,"karper aas herfst,karper tips herfst,watertemperatuur herfst",koop,herfst,toplist,5,extra geur/smaak prikkel,"boilies,popups,wafters,pellets,liquids,rigs,haken,onderlijnen","aas-gids,rigs-gids,knopen,stekkenmap,weer-tool"
21,karper,beste onderlijnen winter,"karper aas winter,karper tips winter,watertemperatuur winter",koop,winter,toplist,5,kant-en-klaar vs zelf knopen,"boilies,popups,wafters,pellets,liquids,rigs,haken,onderlijnen","aas-gids,rigs-gids,knopen,stekkenmap,weer-tool"
22,karper,beste onderlijnen voorjaar,"karper aas voorjaar,karper tips voorjaar,watertemperatuur voorjaar",koop,voorjaar,toplist,5,kant-en-klaar vs zelf knopen,"boilies,popups,wafters,pellets,liquids,rigs,haken,onderlijnen","aas-gids,rigs-gids,knopen,stekkenmap,weer-tool"
23,karper,beste onderlijnen zomer,"karper aas zomer,karper tips zomer,watertemperatuur zomer",koop,zomer,toplist,5,kant-en-klaar vs zelf knopen,"boilies,popups,wafters,pellets,liquids,rigs,haken,onderlijnen","aas-gids,rigs-gids,knopen,stekkenmap,weer-tool"
24,karper,beste onderlijnen herfst,"karper aas herfst,karper tips herfst,watertemperatuur herfst",koop,herfst,toplist,5,kant-en-klaar vs zelf knopen,"boilies,popups,wafters,pellets,liquids,rigs,haken,onderlijnen","aas-gids,rigs-gids,knopen,stekkenmap,weer-tool"
25,karper,beste karperhaken winter,"karper aas winter,karper tips winter,watertemperatuur winter",koop,winter,toplist,5,inhaking & maat keuze,"boilies,popups,wafters,pellets,liquids,rigs,haken,onderlijnen","aas-gids,rigs-gids,knopen,stekkenmap,weer-tool"
26,karper,beste karperhaken voorjaar,"karper aas voorjaar,karper tips voorjaar,watertemperatuur voorjaar",koop,voorjaar,toplist,5,inhaking & maat keuze,"boilies,popups,wafters,pellets,liquids,rigs,haken,onderlijnen","aas-gids,rigs-gids,knopen,stekkenmap,weer-tool"
27,karper,beste karperhaken zomer,"karper aas zomer,karper tips zomer,watertemperatuur zomer",koop,zomer,toplist,5,inhaking & maat keuze,"boilies,popups,wafters,pellets,liquids,rigs,haken,onderlijnen","aas-gids,rigs-gids,knopen,stekkenmap,weer-tool"
28,karper,beste karperhaken herfst,"karper aas herfst,karper tips herfst,watertemperatuur herfst",koop,herfst,toplist,5,inhaking & maat keuze,"boilies,popups,wafters,pellets,liquids,rigs,haken,onderlijnen","aas-gids,rigs-gids,knopen,stekkenmap,weer-tool"
29,karper,welk karperaas winter kanaal,"aas karper kanaal,karper vissen winter,beste boilies kanaal",info+koop,winter,keuzehulp,4,beslisboom per situatie,"boilies,popups,wafters,pellets,particles,liquids,rigs","aas-gids,voer-gids,rigs-gids,stekkenmap"
30,karper,welk karperaas winter rivier,"aas karper rivier,karper vissen winter,beste boilies rivier",info+koop,winter,keuzehulp,4,beslisboom per situatie,"boilies,popups,wafters,pellets,particles,liquids,rigs","aas-gids,voer-gids,rigs-gids,stekkenmap"
31,karper,welk karperaas winter plas,"aas karper plas,karper vissen winter,beste boilies plas",info+koop,winter,keuzehulp,4,beslisboom per situatie,"boilies,popups,wafters,pellets,particles,liquids,rigs","aas-gids,voer-gids,rigs-gids,stekkenmap"
32,karper,welk karperaas winter groot water,"aas karper groot water,karper vissen winter,beste boilies groot water",info+koop,winter,keuzehulp,4,beslisboom per situatie,"boilies,popups,wafters,pellets,particles,liquids,rigs","aas-gids,voer-gids,rigs-gids,stekkenmap"
33,karper,welk karperaas winter klein water,"aas karper klein water,karper vissen winter,beste boilies klein water",info+koop,winter,keuzehulp,4,beslisboom per situatie,"boilies,popups,wafters,pellets,particles,liquids,rigs","aas-gids,voer-gids,rigs-gids,stekkenmap"
34,karper,welk karperaas voorjaar kanaal,"aas karper kanaal,karper vissen voorjaar,beste boilies kanaal",info+koop,voorjaar,keuzehulp,4,beslisboom per situatie,"boilies,popups,wafters,pellets,particles,liquids,rigs","aas-gids,voer-gids,rigs-gids,stekkenmap"
35,karper,welk karperaas voorjaar rivier,"aas karper rivier,karper vissen voorjaar,beste boilies rivier",info+koop,voorjaar,keuzehulp,4,beslisboom per situatie,"boilies,popups,wafters,pellets,particles,liquids,rigs","aas-gids,voer-gids,rigs-gids,stekkenmap"
36,karper,welk karperaas voorjaar plas,"aas karper plas,karper vissen voorjaar,beste boilies plas",info+koop,voorjaar,keuzehulp,4,beslisboom per situatie,"boilies,popups,wafters,pellets,particles,liquids,rigs","aas-gids,voer-gids,rigs-gids,stekkenmap"
37,karper,welk karperaas voorjaar groot water,"aas karper groot water,karper vissen voorjaar,beste boilies groot water",info+koop,voorjaar,keuzehulp,4,beslisboom per situatie,"boilies,popups,wafters,pellets,particles,liquids,rigs","aas-gids,voer-gids,rigs-gids,stekkenmap"
38,karper,welk karperaas voorjaar klein water,"aas karper klein water,karper vissen voorjaar,beste boilies klein water",info+koop,voorjaar,keuzehulp,4,beslisboom per situatie,"boilies,popups,wafters,pellets,particles,liquids,rigs","aas-gids,voer-gids,rigs-gids,stekkenmap"
39,karper,welk karperaas zomer kanaal,"aas karper kanaal,karper vissen zomer,beste boilies kanaal",info+koop,zomer,keuzehulp,4,beslisboom per situatie,"boilies,popups,wafters,pellets,particles,liquids,rigs","aas-gids,voer-gids,rigs-gids,stekkenmap"
40,karper,welk karperaas zomer rivier,"aas karper rivier,karper vissen zomer,beste boilies rivier",info+koop,zomer,keuzehulp,4,beslisboom per situatie,"boilies,popups,wafters,pellets,particles,liquids,rigs","aas-gids,voer-gids,rigs-gids,stekkenmap"
41,karper,welk karperaas zomer plas,"aas karper plas,karper vissen zomer,beste boilies plas",info+koop,zomer,keuzehulp,4,beslisboom per situatie,"boilies,popups,wafters,pellets,particles,liquids,rigs","aas-gids,voer-gids,rigs-gids,stekkenmap"
42,karper,welk karperaas zomer groot water,"aas karper groot water,karper vissen zomer,beste boilies groot water",info+koop,zomer,keuzehulp,4,beslisboom per situatie,"boilies,popups,wafters,pellets,particles,liquids,rigs","aas-gids,voer-gids,rigs-gids,stekkenmap"
43,karper,welk karperaas zomer klein water,"aas karper klein water,karper vissen zomer,beste boilies klein water",info+koop,zomer,keuzehulp,4,beslisboom per situatie,"boilies,popups,wafters,pellets,particles,liquids,rigs","aas-gids,voer-gids,rigs-gids,stekkenmap"
44,karper,welk karperaas herfst kanaal,"aas karper kanaal,karper vissen herfst,beste boilies kanaal",info+koop,herfst,keuzehulp,4,beslisboom per situatie,"boilies,popups,wafters,pellets,particles,liquids,rigs","aas-gids,voer-gids,rigs-gids,stekkenmap"
45,karper,welk karperaas herfst rivier,"aas karper rivier,karper vissen herfst,beste boilies rivier",info+koop,herfst,keuzehulp,4,beslisboom per situatie,"boilies,popups,wafters,pellets,particles,liquids,rigs","aas-gids,voer-gids,rigs-gids,stekkenmap"
46,karper,welk karperaas herfst plas,"aas karper plas,karper vissen herfst,beste boilies plas",info+koop,herfst,keuzehulp,4,beslisboom per situatie,"boilies,popups,wafters,pellets,particles,liquids,rigs","aas-gids,voer-gids,rigs-gids,stekkenmap"
47,karper,welk karperaas herfst groot water,"aas karper groot water,karper vissen herfst,beste boilies groot water",info+koop,herfst,keuzehulp,4,beslisboom per situatie,"boilies,popups,wafters,pellets,particles,liquids,rigs","aas-gids,voer-gids,rigs-gids,stekkenmap"
48,karper,welk karperaas herfst klein water,"aas karper klein water,karper vissen herfst,beste boilies klein water",info+koop,herfst,keuzehulp,4,beslisboom per situatie,"boilies,popups,wafters,pellets,particles,liquids,rigs","aas-gids,voer-gids,rigs-gids,stekkenmap"
49,karper,karperaas keuze winter kanaal,"aas karper kanaal,karper vissen winter,beste boilies kanaal",info+koop,winter,keuzehulp,4,sliders: temp/wind/helderheid,"boilies,popups,wafters,pellets,particles,liquids,rigs","aas-gids,voer-gids,rigs-gids,stekkenmap"
50,karper,karperaas keuze winter rivier,"aas karper rivier,karper vissen winter,beste boilies rivier",info+koop,winter,keuzehulp,4,sliders: temp/wind/helderheid,"boilies,popups,wafters,pellets,particles,liquids,rigs","aas-gids,voer-gids,rigs-gids,stekkenmap"
51,karper,karperaas keuze winter plas,"aas karper plas,karper vissen winter,beste boilies plas",info+koop,winter,keuzehulp,4,sliders: temp/wind/helderheid,"boilies,popups,wafters,pellets,particles,liquids,rigs","aas-gids,voer-gids,rigs-gids,stekkenmap"
52,karper,karperaas keuze winter groot water,"aas karper groot water,karper vissen winter,beste boilies groot water",info+koop,winter,keuzehulp,4,sliders: temp/wind/helderheid,"boilies,popups,wafters,pellets,particles,liquids,rigs","aas-gids,voer-gids,rigs-gids,stekkenmap"
53,karper,karperaas keuze winter klein water,"aas karper klein water,karper vissen winter,beste boilies klein water",info+koop,winter,keuzehulp,4,sliders: temp/wind/helderheid,"boilies,popups,wafters,pellets,particles,liquids,rigs","aas-gids,voer-gids,rigs-gids,stekkenmap"
54,karper,karperaas keuze voorjaar kanaal,"aas karper kanaal,karper vissen voorjaar,beste boilies kanaal",info+koop,voorjaar,keuzehulp,4,sliders: temp/wind/helderheid,"boilies,popups,wafters,pellets,particles,liquids,rigs","aas-gids,voer-gids,rigs-gids,stekkenmap"
55,karper,karperaas keuze voorjaar rivier,"aas karper rivier,karper vissen voorjaar,beste boilies rivier",info+koop,voorjaar,keuzehulp,4,sliders: temp/wind/helderheid,"boilies,popups,wafters,pellets,particles,liquids,rigs","aas-gids,voer-gids,rigs-gids,stekkenmap"
56,karper,karperaas keuze voorjaar plas,"aas karper plas,karper vissen voorjaar,beste boilies plas",info+koop,voorjaar,keuzehulp,4,sliders: temp/wind/helderheid,"boilies,popups,wafters,pellets,particles,liquids,rigs","aas-gids,voer-gids,rigs-gids,stekkenmap"
57,karper,karperaas keuze voorjaar groot water,"aas karper groot water,karper vissen voorjaar,beste boilies groot water",info+koop,voorjaar,keuzehulp,4,sliders: temp/wind/helderheid,"boilies,popups,wafters,pellets,particles,liquids,rigs","aas-gids,voer-gids,rigs-gids,stekkenmap"
58,karper,karperaas keuze voorjaar klein water,"aas karper klein water,karper vissen voorjaar,beste boilies klein water",info+koop,voorjaar,keuzehulp,4,sliders: temp/wind/helderheid,"boilies,popups,wafters,pellets,particles,liquids,rigs","aas-gids,voer-gids,rigs-gids,stekkenmap"
59,karper,karperaas keuze zomer kanaal,"aas karper kanaal,karper vissen zomer,beste boilies kanaal",info+koop,zomer,keuzehulp,4,sliders: temp/wind/helderheid,"boilies,popups,wafters,pellets,particles,liquids,rigs","aas-gids,voer-gids,rigs-gids,stekkenmap"
60,karper,karperaas keuze zomer rivier,"aas karper rivier,karper vissen zomer,beste boilies rivier",info+koop,zomer,keuzehulp,4,sliders: temp/wind/helderheid,"boilies,popups,wafters,pellets,particles,liquids,rigs","aas-gids,voer-gids,rigs-gids,stekkenmap"
61,karper,karperaas keuze zomer plas,"aas karper plas,karper vissen zomer,beste boilies plas",info+koop,zomer,keuzehulp,4,sliders: temp/wind/helderheid,"boilies,popups,wafters,pellets,particles,liquids,rigs","aas-gids,voer-gids,rigs-gids,stekkenmap"
62,karper,karperaas keuze zomer groot water,"aas karper groot water,karper vissen zomer,beste boilies groot water",info+koop,zomer,keuzehulp,4,sliders: temp/wind/helderheid,"boilies,popups,wafters,pellets,particles,liquids,rigs","aas-gids,voer-gids,rigs-gids,stekkenmap"
63,karper,karperaas keuze zomer klein water,"aas karper klein water,karper vissen zomer,beste boilies klein water",info+koop,zomer,keuzehulp,4,sliders: temp/wind/helderheid,"boilies,popups,wafters,pellets,particles,liquids,rigs","aas-gids,voer-gids,rigs-gids,stekkenmap"
64,karper,karperaas keuze herfst kanaal,"aas karper kanaal,karper vissen herfst,beste boilies kanaal",info+koop,herfst,keuzehulp,4,sliders: temp/wind/helderheid,"boilies,popups,wafters,pellets,particles,liquids,rigs","aas-gids,voer-gids,rigs-gids,stekkenmap"
65,karper,karperaas keuze herfst rivier,"aas karper rivier,karper vissen herfst,beste boilies rivier",info+koop,herfst,keuzehulp,4,sliders: temp/wind/helderheid,"boilies,popups,wafters,pellets,particles,liquids,rigs","aas-gids,voer-gids,rigs-gids,stekkenmap"
66,karper,karperaas keuze herfst plas,"aas karper plas,karper vissen herfst,beste boilies plas",info+koop,herfst,keuzehulp,4,sliders: temp/wind/helderheid,"boilies,popups,wafters,pellets,particles,liquids,rigs","aas-gids,voer-gids,rigs-gids,stekkenmap"
67,karper,karperaas keuze herfst groot water,"aas karper groot water,karper vissen herfst,beste boilies groot water",info+koop,herfst,keuzehulp,4,sliders: temp/wind/helderheid,"boilies,popups,wafters,pellets,particles,liquids,rigs","aas-gids,voer-gids,rigs-gids,stekkenmap"
68,karper,karperaas keuze herfst klein water,"aas karper klein water,karper vissen herfst,beste boilies klein water",info+koop,herfst,keuzehulp,4,sliders: temp/wind/helderheid,"boilies,popups,wafters,pellets,particles,liquids,rigs","aas-gids,voer-gids,rigs-gids,stekkenmap"
69,karper,boilie keuze winter kanaal,"aas karper kanaal,karper vissen winter,beste boilies kanaal",koop,winter,keuzehulp,5,smaak/maat/structuur,"boilies,popups,wafters,pellets,particles,liquids,rigs","aas-gids,voer-gids,rigs-gids,stekkenmap"
70,karper,boilie keuze winter rivier,"aas karper rivier,karper vissen winter,beste boilies rivier",koop,winter,keuzehulp,5,smaak/maat/structuur,"boilies,popups,wafters,pellets,particles,liquids,rigs","aas-gids,voer-gids,rigs-gids,stekkenmap"
71,karper,boilie keuze winter plas,"aas karper plas,karper vissen winter,beste boilies plas",koop,winter,keuzehulp,5,smaak/maat/structuur,"boilies,popups,wafters,pellets,particles,liquids,rigs","aas-gids,voer-gids,rigs-gids,stekkenmap"
72,karper,boilie keuze winter groot water,"aas karper groot water,karper vissen winter,beste boilies groot water",koop,winter,keuzehulp,5,smaak/maat/structuur,"boilies,popups,wafters,pellets,particles,liquids,rigs","aas-gids,voer-gids,rigs-gids,stekkenmap"
73,karper,boilie keuze winter klein water,"aas karper klein water,karper vissen winter,beste boilies klein water",koop,winter,keuzehulp,5,smaak/maat/structuur,"boilies,popups,wafters,pellets,particles,liquids,rigs","aas-gids,voer-gids,rigs-gids,stekkenmap"
74,karper,boilie keuze voorjaar kanaal,"aas karper kanaal,karper vissen voorjaar,beste boilies kanaal",koop,voorjaar,keuzehulp,5,smaak/maat/structuur,"boilies,popups,wafters,pellets,particles,liquids,rigs","aas-gids,voer-gids,rigs-gids,stekkenmap"
75,karper,boilie keuze voorjaar rivier,"aas karper rivier,karper vissen voorjaar,beste boilies rivier",koop,voorjaar,keuzehulp,5,smaak/maat/structuur,"boilies,popups,wafters,pellets,particles,liquids,rigs","aas-gids,voer-gids,rigs-gids,stekkenmap"
76,karper,boilie keuze voorjaar plas,"aas karper plas,karper vissen voorjaar,beste boilies plas",koop,voorjaar,keuzehulp,5,smaak/maat/structuur,"boilies,popups,wafters,pellets,particles,liquids,rigs","aas-gids,voer-gids,rigs-gids,stekkenmap"
77,karper,boilie keuze voorjaar groot water,"aas karper groot water,karper vissen voorjaar,beste boilies groot water",koop,voorjaar,keuzehulp,5,smaak/maat/structuur,"boilies,popups,wafters,pellets,particles,liquids,rigs","aas-gids,voer-gids,rigs-gids,stekkenmap"
78,karper,boilie keuze voorjaar klein water,"aas karper klein water,karper vissen voorjaar,beste boilies klein water",koop,voorjaar,keuzehulp,5,smaak/maat/structuur,"boilies,popups,wafters,pellets,particles,liquids,rigs","aas-gids,voer-gids,rigs-gids,stekkenmap"
79,karper,boilie keuze zomer kanaal,"aas karper kanaal,karper vissen zomer,beste boilies kanaal",koop,zomer,keuzehulp,5,smaak/maat/structuur,"boilies,popups,wafters,pellets,particles,liquids,rigs","aas-gids,voer-gids,rigs-gids,stekkenmap"
80,karper,boilie keuze zomer rivier,"aas karper rivier,karper vissen zomer,beste boilies rivier",koop,zomer,keuzehulp,5,smaak/maat/structuur,"boilies,popups,wafters,pellets,particles,liquids,rigs","aas-gids,voer-gids,rigs-gids,stekkenmap"
81,karper,boilie keuze zomer plas,"aas karper plas,karper vissen zomer,beste boilies plas",koop,zomer,keuzehulp,5,smaak/maat/structuur,"boilies,popups,wafters,pellets,particles,liquids,rigs","aas-gids,voer-gids,rigs-gids,stekkenmap"
82,karper,boilie keuze zomer groot water,"aas karper groot water,karper vissen zomer,beste boilies groot water",koop,zomer,keuzehulp,5,smaak/maat/structuur,"boilies,popups,wafters,pellets,particles,liquids,rigs","aas-gids,voer-gids,rigs-gids,stekkenmap"
83,karper,boilie keuze zomer klein water,"aas karper klein water,karper vissen zomer,beste boilies klein water",koop,zomer,keuzehulp,5,smaak/maat/structuur,"boilies,popups,wafters,pellets,particles,liquids,rigs","aas-gids,voer-gids,rigs-gids,stekkenmap"
84,karper,boilie keuze herfst kanaal,"aas karper kanaal,karper vissen herfst,beste boilies kanaal",koop,herfst,keuzehulp,5,smaak/maat/structuur,"boilies,popups,wafters,pellets,particles,liquids,rigs","aas-gids,voer-gids,rigs-gids,stekkenmap"
85,karper,boilie keuze herfst rivier,"aas karper rivier,karper vissen herfst,beste boilies rivier",koop,herfst,keuzehulp,5,smaak/maat/structuur,"boilies,popups,wafters,pellets,particles,liquids,rigs","aas-gids,voer-gids,rigs-gids,stekkenmap"
86,karper,boilie keuze herfst plas,"aas karper plas,karper vissen herfst,beste boilies plas",koop,herfst,keuzehulp,5,smaak/maat/structuur,"boilies,popups,wafters,pellets,particles,liquids,rigs","aas-gids,voer-gids,rigs-gids,stekkenmap"
87,karper,boilie keuze herfst groot water,"aas karper groot water,karper vissen herfst,beste boilies groot water",koop,herfst,keuzehulp,5,smaak/maat/structuur,"boilies,popups,wafters,pellets,particles,liquids,rigs","aas-gids,voer-gids,rigs-gids,stekkenmap"
88,karper,boilie keuze herfst klein water,"aas karper klein water,karper vissen herfst,beste boilies klein water",koop,herfst,keuzehulp,5,smaak/maat/structuur,"boilies,popups,wafters,pellets,particles,liquids,rigs","aas-gids,voer-gids,rigs-gids,stekkenmap"
89,karper,rig keuze winter kanaal,"aas karper kanaal,karper vissen winter,beste boilies kanaal",info+koop,winter,keuzehulp,4,bodemtype + presentatie,"boilies,popups,wafters,pellets,particles,liquids,rigs","aas-gids,voer-gids,rigs-gids,stekkenmap"
90,karper,rig keuze winter rivier,"aas karper rivier,karper vissen winter,beste boilies rivier",info+koop,winter,keuzehulp,4,bodemtype + presentatie,"boilies,popups,wafters,pellets,particles,liquids,rigs","aas-gids,voer-gids,rigs-gids,stekkenmap"
91,karper,rig keuze winter plas,"aas karper plas,karper vissen winter,beste boilies plas",info+koop,winter,keuzehulp,4,bodemtype + presentatie,"boilies,popups,wafters,pellets,particles,liquids,rigs","aas-gids,voer-gids,rigs-gids,stekkenmap"
92,karper,rig keuze winter groot water,"aas karper groot water,karper vissen winter,beste boilies groot water",info+koop,winter,keuzehulp,4,bodemtype + presentatie,"boilies,popups,wafters,pellets,particles,liquids,rigs","aas-gids,voer-gids,rigs-gids,stekkenmap"
93,karper,rig keuze winter klein water,"aas karper klein water,karper vissen winter,beste boilies klein water",info+koop,winter,keuzehulp,4,bodemtype + presentatie,"boilies,popups,wafters,pellets,particles,liquids,rigs","aas-gids,voer-gids,rigs-gids,stekkenmap"
94,karper,rig keuze voorjaar kanaal,"aas karper kanaal,karper vissen voorjaar,beste boilies kanaal",info+koop,voorjaar,keuzehulp,4,bodemtype + presentatie,"boilies,popups,wafters,pellets,particles,liquids,rigs","aas-gids,voer-gids,rigs-gids,stekkenmap"
95,karper,rig keuze voorjaar rivier,"aas karper rivier,karper vissen voorjaar,beste boilies rivier",info+koop,voorjaar,keuzehulp,4,bodemtype + presentatie,"boilies,popups,wafters,pellets,particles,liquids,rigs","aas-gids,voer-gids,rigs-gids,stekkenmap"
96,karper,rig keuze voorjaar plas,"aas karper plas,karper vissen voorjaar,beste boilies plas",info+koop,voorjaar,keuzehulp,4,bodemtype + presentatie,"boilies,popups,wafters,pellets,particles,liquids,rigs","aas-gids,voer-gids,rigs-gids,stekkenmap"
97,karper,rig keuze voorjaar groot water,"aas karper groot water,karper vissen voorjaar,beste boilies groot water",info+koop,voorjaar,keuzehulp,4,bodemtype + presentatie,"boilies,popups,wafters,pellets,particles,liquids,rigs","aas-gids,voer-gids,rigs-gids,stekkenmap"
98,karper,rig keuze voorjaar klein water,"aas karper klein water,karper vissen voorjaar,beste boilies klein water",info+koop,voorjaar,keuzehulp,4,bodemtype + presentatie,"boilies,popups,wafters,pellets,particles,liquids,rigs","aas-gids,voer-gids,rigs-gids,stekkenmap"
99,karper,rig keuze zomer kanaal,"aas karper kanaal,karper vissen zomer,beste boilies kanaal",info+koop,zomer,keuzehulp,4,bodemtype + presentatie,"boilies,popups,wafters,pellets,particles,liquids,rigs","aas-gids,voer-gids,rigs-gids,stekkenmap"
100,karper,rig keuze zomer rivier,"aas karper rivier,karper vissen zomer,beste boilies rivier",info+koop,zomer,keuzehulp,4,bodemtype + presentatie,"boilies,popups,wafters,pellets,particles,liquids,rigs","aas-gids,voer-gids,rigs-gids,stekkenmap"
101,karper,rig keuze zomer plas,"aas karper plas,karper vissen zomer,beste boilies plas",info+koop,zomer,keuzehulp,4,bodemtype + presentatie,"boilies,popups,wafters,pellets,particles,liquids,rigs","aas-gids,voer-gids,rigs-gids,stekkenmap"
102,karper,rig keuze zomer groot water,"aas karper groot water,karper vissen zomer,beste boilies groot water",info+koop,zomer,keuzehulp,4,bodemtype + presentatie,"boilies,popups,wafters,pellets,particles,liquids,rigs","aas-gids,voer-gids,rigs-gids,stekkenmap"
103,karper,rig keuze zomer klein water,"aas karper klein water,karper vissen zomer,beste boilies klein water",info+koop,zomer,keuzehulp,4,bodemtype + presentatie,"boilies,popups,wafters,pellets,particles,liquids,rigs","aas-gids,voer-gids,rigs-gids,stekkenmap"
104,karper,rig keuze herfst kanaal,"aas karper kanaal,karper vissen herfst,beste boilies kanaal",info+koop,herfst,keuzehulp,4,bodemtype + presentatie,"boilies,popups,wafters,pellets,particles,liquids,rigs","aas-gids,voer-gids,rigs-gids,stekkenmap"
105,karper,rig keuze herfst rivier,"aas karper rivier,karper vissen herfst,beste boilies rivier",info+koop,herfst,keuzehulp,4,bodemtype + presentatie,"boilies,popups,wafters,pellets,particles,liquids,rigs","aas-gids,voer-gids,rigs-gids,stekkenmap"
106,karper,rig keuze herfst plas,"aas karper plas,karper vissen herfst,beste boilies plas",info+koop,herfst,keuzehulp,4,bodemtype + presentatie,"boilies,popups,wafters,pellets,particles,liquids,rigs","aas-gids,voer-gids,rigs-gids,stekkenmap"
107,karper,rig keuze herfst groot water,"aas karper groot water,karper vissen herfst,beste boilies groot water",info+koop,herfst,keuzehulp,4,bodemtype + presentatie,"boilies,popups,wafters,pellets,particles,liquids,rigs","aas-gids,voer-gids,rigs-gids,stekkenmap"
108,karper,rig keuze herfst klein water,"aas karper klein water,karper vissen herfst,beste boilies klein water",info+koop,herfst,keuzehulp,4,bodemtype + presentatie,"boilies,popups,wafters,pellets,particles,liquids,rigs","aas-gids,voer-gids,rigs-gids,stekkenmap"
109,karper,beste hair rig voor modderbodem,"hair rig karper,modderbodem rig,karper rig bodemtype",koop,alle,howto,4,praktische montage + wanneer wel/niet,"rigs,haken,onderlijnen,leadcore","rigs-gids,knopen,academy"
110,karper,beste blowback rig voor modderbodem,"blowback rig karper,modderbodem rig,karper rig bodemtype",koop,alle,howto,4,praktische montage + wanneer wel/niet,"rigs,haken,onderlijnen,leadcore","rigs-gids,knopen,academy"
111,karper,beste spinner rig voor modderbodem,"spinner rig karper,modderbodem rig,karper rig bodemtype",koop,alle,howto,4,praktische montage + wanneer wel/niet,"rigs,haken,onderlijnen,leadcore","rigs-gids,knopen,academy"
112,karper,beste hair rig voor harde bodem,"hair rig karper,harde bodem rig,karper rig bodemtype",koop,alle,howto,4,praktische montage + wanneer wel/niet,"rigs,haken,onderlijnen,leadcore","rigs-gids,knopen,academy"
113,karper,beste blowback rig voor harde bodem,"blowback rig karper,harde bodem rig,karper rig bodemtype",koop,alle,howto,4,praktische montage + wanneer wel/niet,"rigs,haken,onderlijnen,leadcore","rigs-gids,knopen,academy"
114,karper,beste spinner rig voor harde bodem,"spinner rig karper,harde bodem rig,karper rig bodemtype",koop,alle,howto,4,praktische montage + wanneer wel/niet,"rigs,haken,onderlijnen,leadcore","rigs-gids,knopen,academy"
115,karper,beste hair rig voor grindbodem,"hair rig karper,grindbodem rig,karper rig bodemtype",koop,alle,howto,4,praktische montage + wanneer wel/niet,"rigs,haken,onderlijnen,leadcore","rigs-gids,knopen,academy"
116,karper,beste blowback rig voor grindbodem,"blowback rig karper,grindbodem rig,karper rig bodemtype",koop,alle,howto,4,praktische montage + wanneer wel/niet,"rigs,haken,onderlijnen,leadcore","rigs-gids,knopen,academy"
117,karper,beste spinner rig voor grindbodem,"spinner rig karper,grindbodem rig,karper rig bodemtype",koop,alle,howto,4,praktische montage + wanneer wel/niet,"rigs,haken,onderlijnen,leadcore","rigs-gids,knopen,academy"
118,karper,beste hair rig voor slibbodem,"hair rig karper,slibbodem rig,karper rig bodemtype",koop,alle,howto,4,praktische montage + wanneer wel/niet,"rigs,haken,onderlijnen,leadcore","rigs-gids,knopen,academy"
119,karper,beste blowback rig voor slibbodem,"blowback rig karper,slibbodem rig,karper rig bodemtype",koop,alle,howto,4,praktische montage + wanneer wel/niet,"rigs,haken,onderlijnen,leadcore","rigs-gids,knopen,academy"
120,karper,beste spinner rig voor slibbodem,"spinner rig karper,slibbodem rig,karper rig bodemtype",koop,alle,howto,4,praktische montage + wanneer wel/niet,"rigs,haken,onderlijnen,leadcore","rigs-gids,knopen,academy"
121,karper,beste hair rig voor wierbed,"hair rig karper,wierbed rig,karper rig bodemtype",koop,alle,howto,4,praktische montage + wanneer wel/niet,"rigs,haken,onderlijnen,leadcore","rigs-gids,knopen,academy"
122,karper,beste blowback rig voor wierbed,"blowback rig karper,wierbed rig,karper rig bodemtype",koop,alle,howto,4,praktische montage + wanneer wel/niet,"rigs,haken,onderlijnen,leadcore","rigs-gids,knopen,academy"
123,karper,beste spinner rig voor wierbed,"spinner rig karper,wierbed rig,karper rig bodemtype",koop,alle,howto,4,praktische montage + wanneer wel/niet,"rigs,haken,onderlijnen,leadcore","rigs-gids,knopen,academy"
124,karper,beste hair rig voor zandbodem,"hair rig karper,zandbodem rig,karper rig bodemtype",koop,alle,howto,4,praktische montage + wanneer wel/niet,"rigs,haken,onderlijnen,leadcore","rigs-gids,knopen,academy"
125,karper,beste blowback rig voor zandbodem,"blowback rig karper,zandbodem rig,karper rig bodemtype",koop,alle,howto,4,praktische montage + wanneer wel/niet,"rigs,haken,onderlijnen,leadcore","rigs-gids,knopen,academy"
126,karper,beste spinner rig voor zandbodem,"spinner rig karper,zandbodem rig,karper rig bodemtype",koop,alle,howto,4,praktische montage + wanneer wel/niet,"rigs,haken,onderlijnen,leadcore","rigs-gids,knopen,academy"
127,karper,karper voeren strategie zomer bij wind,"hoeveel voeren karper zomer,wind karper,voerplan",info+koop,zomer,gids,3,praktisch voerplan + dosering,"boilies,pellets,particles,liquids","voer-gids,weer-tool,stekkenmap"
128,karper,karper voeren strategie herfst bij regen,"hoeveel voeren karper herfst,regen karper,voerplan",info+koop,herfst,gids,3,praktisch voerplan + dosering,"boilies,pellets,particles,liquids","voer-gids,weer-tool,stekkenmap"
129,karper,karper voeren strategie winter bij koud front,"hoeveel voeren karper winter,koud front karper,voerplan",info+koop,winter,gids,3,praktisch voerplan + dosering,"boilies,pellets,particles,liquids","voer-gids,weer-tool,stekkenmap"
130,karper,karper voeren strategie voorjaar bij warm front,"hoeveel voeren karper voorjaar,warm front karper,voerplan",info+koop,voorjaar,gids,3,praktisch voerplan + dosering,"boilies,pellets,particles,liquids","voer-gids,weer-tool,stekkenmap"
131,karper,karper voeren strategie zomer bij stabiel weer,"hoeveel voeren karper zomer,stabiel weer karper,voerplan",info+koop,zomer,gids,3,praktisch voerplan + dosering,"boilies,pellets,particles,liquids","voer-gids,weer-tool,stekkenmap"
132,karper,karper voeren strategie herfst bij dalende luchtdruk,"hoeveel voeren karper herfst,dalende luchtdruk karper,voerplan",info+koop,herfst,gids,3,praktisch voerplan + dosering,"boilies,pellets,particles,liquids","voer-gids,weer-tool,stekkenmap"
133,karper,karper voeren strategie winter bij stijgende luchtdruk,"hoeveel voeren karper winter,stijgende luchtdruk karper,voerplan",info+koop,winter,gids,3,praktisch voerplan + dosering,"boilies,pellets,particles,liquids","voer-gids,weer-tool,stekkenmap"
134,karper,karper voeren strategie voorjaar bij wind,"hoeveel voeren karper voorjaar,wind karper,voerplan",info+koop,voorjaar,gids,3,praktisch voerplan + dosering,"boilies,pellets,particles,liquids","voer-gids,weer-tool,stekkenmap"
135,karper,karper voeren strategie zomer bij regen,"hoeveel voeren karper zomer,regen karper,voerplan",info+koop,zomer,gids,3,praktisch voerplan + dosering,"boilies,pellets,particles,liquids","voer-gids,weer-tool,stekkenmap"
136,karper,karper voeren strategie herfst bij koud front,"hoeveel voeren karper herfst,koud front karper,voerplan",info+koop,herfst,gids,3,praktisch voerplan + dosering,"boilies,pellets,particles,liquids","voer-gids,weer-tool,stekkenmap"
137,karper,karper voeren strategie winter bij warm front,"hoeveel voeren karper winter,warm front karper,voerplan",info+koop,winter,gids,3,praktisch voerplan + dosering,"boilies,pellets,particles,liquids","voer-gids,weer-tool,stekkenmap"
138,karper,karper voeren strategie voorjaar bij stabiel weer,"hoeveel voeren karper voorjaar,stabiel weer karper,voerplan",info+koop,voorjaar,gids,3,praktisch voerplan + dosering,"boilies,pellets,particles,liquids","voer-gids,weer-tool,stekkenmap"
139,karper,karper voeren strategie zomer bij dalende luchtdruk,"hoeveel voeren karper zomer,dalende luchtdruk karper,voerplan",info+koop,zomer,gids,3,praktisch voerplan + dosering,"boilies,pellets,particles,liquids","voer-gids,weer-tool,stekkenmap"
140,karper,karper voeren strategie herfst bij stijgende luchtdruk,"hoeveel voeren karper herfst,stijgende luchtdruk karper,voerplan",info+koop,herfst,gids,3,praktisch voerplan + dosering,"boilies,pellets,particles,liquids","voer-gids,weer-tool,stekkenmap"
141,karper,karper voeren strategie winter bij wind,"hoeveel voeren karper winter,wind karper,voerplan",info+koop,winter,gids,3,praktisch voerplan + dosering,"boilies,pellets,particles,liquids","voer-gids,weer-tool,stekkenmap"
142,karper,karper voeren strategie voorjaar bij regen,"hoeveel voeren karper voorjaar,regen karper,voerplan",info+koop,voorjaar,gids,3,praktisch voerplan + dosering,"boilies,pellets,particles,liquids","voer-gids,weer-tool,stekkenmap"
143,karper,karper voeren strategie zomer bij koud front,"hoeveel voeren karper zomer,koud front karper,voerplan",info+koop,zomer,gids,3,praktisch voerplan + dosering,"boilies,pellets,particles,liquids","voer-gids,weer-tool,stekkenmap"
144,karper,karper voeren strategie herfst bij warm front,"hoeveel voeren karper herfst,warm front karper,voerplan",info+koop,herfst,gids,3,praktisch voerplan + dosering,"boilies,pellets,particles,liquids","voer-gids,weer-tool,stekkenmap"
145,karper,karper voeren strategie winter bij stabiel weer,"hoeveel voeren karper winter,stabiel weer karper,voerplan",info+koop,winter,gids,3,praktisch voerplan + dosering,"boilies,pellets,particles,liquids","voer-gids,weer-tool,stekkenmap"
146,karper,karper voeren strategie voorjaar bij dalende luchtdruk,"hoeveel voeren karper voorjaar,dalende luchtdruk karper,voerplan",info+koop,voorjaar,gids,3,praktisch voerplan + dosering,"boilies,pellets,particles,liquids","voer-gids,weer-tool,stekkenmap"
147,karper,karper voeren strategie zomer bij stijgende luchtdruk,"hoeveel voeren karper zomer,stijgende luchtdruk karper,voerplan",info+koop,zomer,gids,3,praktisch voerplan + dosering,"boilies,pellets,particles,liquids","voer-gids,weer-tool,stekkenmap"
148,karper,karper voeren strategie herfst bij wind,"hoeveel voeren karper herfst,wind karper,voerplan",info+koop,herfst,gids,3,praktisch voerplan + dosering,"boilies,pellets,particles,liquids","voer-gids,weer-tool,stekkenmap"
149,karper,karper voeren strategie winter bij regen,"hoeveel voeren karper winter,regen karper,voerplan",info+koop,winter,gids,3,praktisch voerplan + dosering,"boilies,pellets,particles,liquids","voer-gids,weer-tool,stekkenmap"
150,karper,karper voeren strategie voorjaar bij koud front,"hoeveel voeren karper voorjaar,koud front karper,voerplan",info+koop,voorjaar,gids,3,praktisch voerplan + dosering,"boilies,pellets,particles,liquids","voer-gids,weer-tool,stekkenmap"
151,karper,karper voeren strategie zomer bij warm front,"hoeveel voeren karper zomer,warm front karper,voerplan",info+koop,zomer,gids,3,praktisch voerplan + dosering,"boilies,pellets,particles,liquids","voer-gids,weer-tool,stekkenmap"
152,karper,karper voeren strategie herfst bij stabiel weer,"hoeveel voeren karper herfst,stabiel weer karper,voerplan",info+koop,herfst,gids,3,praktisch voerplan + dosering,"boilies,pellets,particles,liquids","voer-gids,weer-tool,stekkenmap"
153,karper,karper voeren strategie winter bij dalende luchtdruk,"hoeveel voeren karper winter,dalende luchtdruk karper,voerplan",info+koop,winter,gids,3,praktisch voerplan + dosering,"boilies,pellets,particles,liquids","voer-gids,weer-tool,stekkenmap"
154,karper,karper voeren strategie voorjaar bij stijgende luchtdruk,"hoeveel voeren karper voorjaar,stijgende luchtdruk karper,voerplan",info+koop,voorjaar,gids,3,praktisch voerplan + dosering,"boilies,pellets,particles,liquids","voer-gids,weer-tool,stekkenmap"
155,karper,karper voeren strategie zomer bij wind,"hoeveel voeren karper zomer,wind karper,voerplan",info+koop,zomer,gids,3,praktisch voerplan + dosering,"boilies,pellets,particles,liquids","voer-gids,weer-tool,stekkenmap"
156,karper,karper voeren strategie herfst bij regen,"hoeveel voeren karper herfst,regen karper,voerplan",info+koop,herfst,gids,3,praktisch voerplan + dosering,"boilies,pellets,particles,liquids","voer-gids,weer-tool,stekkenmap"
157,karper,karper voeren strategie winter bij koud front,"hoeveel voeren karper winter,koud front karper,voerplan",info+koop,winter,gids,3,praktisch voerplan + dosering,"boilies,pellets,particles,liquids","voer-gids,weer-tool,stekkenmap"
158,karper,karper voeren strategie voorjaar bij warm front,"hoeveel voeren karper voorjaar,warm front karper,voerplan",info+koop,voorjaar,gids,3,praktisch voerplan + dosering,"boilies,pellets,particles,liquids","voer-gids,weer-tool,stekkenmap"
159,karper,karper voeren strategie zomer bij stabiel weer,"hoeveel voeren karper zomer,stabiel weer karper,voerplan",info+koop,zomer,gids,3,praktisch voerplan + dosering,"boilies,pellets,particles,liquids","voer-gids,weer-tool,stekkenmap"
160,karper,karper voeren strategie herfst bij dalende luchtdruk,"hoeveel voeren karper herfst,dalende luchtdruk karper,voerplan",info+koop,herfst,gids,3,praktisch voerplan + dosering,"boilies,pellets,particles,liquids","voer-gids,weer-tool,stekkenmap"
161,roofvis,beste kunstaas snoek winter,"snoek vangen winter,kunstaas snoek,snoek tips",koop,winter,toplist,5,top 10 + per situatie,"shads,jerkbaits,pluggen,spinnerbaits,dropshot,leaders,stingers","roofvis-gids,stekkenmap,academy"
162,roofvis,beste kunstaas snoek voorjaar,"snoek vangen voorjaar,kunstaas snoek,snoek tips",koop,voorjaar,toplist,5,top 10 + per situatie,"shads,jerkbaits,pluggen,spinnerbaits,dropshot,leaders,stingers","roofvis-gids,stekkenmap,academy"
163,roofvis,beste kunstaas snoek zomer,"snoek vangen zomer,kunstaas snoek,snoek tips",koop,zomer,toplist,5,top 10 + per situatie,"shads,jerkbaits,pluggen,spinnerbaits,dropshot,leaders,stingers","roofvis-gids,stekkenmap,academy"
164,roofvis,beste kunstaas snoek herfst,"snoek vangen herfst,kunstaas snoek,snoek tips",koop,herfst,toplist,5,top 10 + per situatie,"shads,jerkbaits,pluggen,spinnerbaits,dropshot,leaders,stingers","roofvis-gids,stekkenmap,academy"
165,roofvis,beste kunstaas baars winter,"baars vangen winter,kunstaas baars,baars tips",koop,winter,toplist,5,top 10 + per situatie,"shads,jerkbaits,pluggen,spinnerbaits,dropshot,leaders,stingers","roofvis-gids,stekkenmap,academy"
166,roofvis,beste kunstaas baars voorjaar,"baars vangen voorjaar,kunstaas baars,baars tips",koop,voorjaar,toplist,5,top 10 + per situatie,"shads,jerkbaits,pluggen,spinnerbaits,dropshot,leaders,stingers","roofvis-gids,stekkenmap,academy"
167,roofvis,beste kunstaas baars zomer,"baars vangen zomer,kunstaas baars,baars tips",koop,zomer,toplist,5,top 10 + per situatie,"shads,jerkbaits,pluggen,spinnerbaits,dropshot,leaders,stingers","roofvis-gids,stekkenmap,academy"
168,roofvis,beste kunstaas baars herfst,"baars vangen herfst,kunstaas baars,baars tips",koop,herfst,toplist,5,top 10 + per situatie,"shads,jerkbaits,pluggen,spinnerbaits,dropshot,leaders,stingers","roofvis-gids,stekkenmap,academy"
169,roofvis,beste kunstaas snoekbaars winter,"snoekbaars vangen winter,kunstaas snoekbaars,snoekbaars tips",koop,winter,toplist,5,top 10 + per situatie,"shads,jerkbaits,pluggen,spinnerbaits,dropshot,leaders,stingers","roofvis-gids,stekkenmap,academy"
170,roofvis,beste kunstaas snoekbaars voorjaar,"snoekbaars vangen voorjaar,kunstaas snoekbaars,snoekbaars tips",koop,voorjaar,toplist,5,top 10 + per situatie,"shads,jerkbaits,pluggen,spinnerbaits,dropshot,leaders,stingers","roofvis-gids,stekkenmap,academy"
171,roofvis,beste kunstaas snoekbaars zomer,"snoekbaars vangen zomer,kunstaas snoekbaars,snoekbaars tips",koop,zomer,toplist,5,top 10 + per situatie,"shads,jerkbaits,pluggen,spinnerbaits,dropshot,leaders,stingers","roofvis-gids,stekkenmap,academy"
172,roofvis,beste kunstaas snoekbaars herfst,"snoekbaars vangen herfst,kunstaas snoekbaars,snoekbaars tips",koop,herfst,toplist,5,top 10 + per situatie,"shads,jerkbaits,pluggen,spinnerbaits,dropshot,leaders,stingers","roofvis-gids,stekkenmap,academy"
173,roofvis,kunstaas kleuren snoek winter,"snoek vangen winter,kunstaas snoek,snoek tips",info+koop,winter,gids,4,kleurkeuze per zicht/diepte,"shads,jerkbaits,pluggen,spinnerbaits,dropshot,leaders,stingers","roofvis-gids,stekkenmap,academy"
174,roofvis,kunstaas kleuren snoek voorjaar,"snoek vangen voorjaar,kunstaas snoek,snoek tips",info+koop,voorjaar,gids,4,kleurkeuze per zicht/diepte,"shads,jerkbaits,pluggen,spinnerbaits,dropshot,leaders,stingers","roofvis-gids,stekkenmap,academy"
175,roofvis,kunstaas kleuren snoek zomer,"snoek vangen zomer,kunstaas snoek,snoek tips",info+koop,zomer,gids,4,kleurkeuze per zicht/diepte,"shads,jerkbaits,pluggen,spinnerbaits,dropshot,leaders,stingers","roofvis-gids,stekkenmap,academy"
176,roofvis,kunstaas kleuren snoek herfst,"snoek vangen herfst,kunstaas snoek,snoek tips",info+koop,herfst,gids,4,kleurkeuze per zicht/diepte,"shads,jerkbaits,pluggen,spinnerbaits,dropshot,leaders,stingers","roofvis-gids,stekkenmap,academy"
177,roofvis,kunstaas kleuren baars winter,"baars vangen winter,kunstaas baars,baars tips",info+koop,winter,gids,4,kleurkeuze per zicht/diepte,"shads,jerkbaits,pluggen,spinnerbaits,dropshot,leaders,stingers","roofvis-gids,stekkenmap,academy"
178,roofvis,kunstaas kleuren baars voorjaar,"baars vangen voorjaar,kunstaas baars,baars tips",info+koop,voorjaar,gids,4,kleurkeuze per zicht/diepte,"shads,jerkbaits,pluggen,spinnerbaits,dropshot,leaders,stingers","roofvis-gids,stekkenmap,academy"
179,roofvis,kunstaas kleuren baars zomer,"baars vangen zomer,kunstaas baars,baars tips",info+koop,zomer,gids,4,kleurkeuze per zicht/diepte,"shads,jerkbaits,pluggen,spinnerbaits,dropshot,leaders,stingers","roofvis-gids,stekkenmap,academy"
180,roofvis,kunstaas kleuren baars herfst,"baars vangen herfst,kunstaas baars,baars tips",info+koop,herfst,gids,4,kleurkeuze per zicht/diepte,"shads,jerkbaits,pluggen,spinnerbaits,dropshot,leaders,stingers","roofvis-gids,stekkenmap,academy"
181,roofvis,kunstaas kleuren snoekbaars winter,"snoekbaars vangen winter,kunstaas snoekbaars,snoekbaars tips",info+koop,winter,gids,4,kleurkeuze per zicht/diepte,"shads,jerkbaits,pluggen,spinnerbaits,dropshot,leaders,stingers","roofvis-gids,stekkenmap,academy"
182,roofvis,kunstaas kleuren snoekbaars voorjaar,"snoekbaars vangen voorjaar,kunstaas snoekbaars,snoekbaars tips",info+koop,voorjaar,gids,4,kleurkeuze per zicht/diepte,"shads,jerkbaits,pluggen,spinnerbaits,dropshot,leaders,stingers","roofvis-gids,stekkenmap,academy"
183,roofvis,kunstaas kleuren snoekbaars zomer,"snoekbaars vangen zomer,kunstaas snoekbaars,snoekbaars tips",info+koop,zomer,gids,4,kleurkeuze per zicht/diepte,"shads,jerkbaits,pluggen,spinnerbaits,dropshot,leaders,stingers","roofvis-gids,stekkenmap,academy"
184,roofvis,kunstaas kleuren snoekbaars herfst,"snoekbaars vangen herfst,kunstaas snoekbaars,snoekbaars tips",info+koop,herfst,gids,4,kleurkeuze per zicht/diepte,"shads,jerkbaits,pluggen,spinnerbaits,dropshot,leaders,stingers","roofvis-gids,stekkenmap,academy"
185,roofvis,kunstaas maat kiezen snoek winter,"snoek vangen winter,kunstaas snoek,snoek tips",info+koop,winter,gids,4,maat vs prooivis,"shads,jerkbaits,pluggen,spinnerbaits,dropshot,leaders,stingers","roofvis-gids,stekkenmap,academy"
186,roofvis,kunstaas maat kiezen snoek voorjaar,"snoek vangen voorjaar,kunstaas snoek,snoek tips",info+koop,voorjaar,gids,4,maat vs prooivis,"shads,jerkbaits,pluggen,spinnerbaits,dropshot,leaders,stingers","roofvis-gids,stekkenmap,academy"
187,roofvis,kunstaas maat kiezen snoek zomer,"snoek vangen zomer,kunstaas snoek,snoek tips",info+koop,zomer,gids,4,maat vs prooivis,"shads,jerkbaits,pluggen,spinnerbaits,dropshot,leaders,stingers","roofvis-gids,stekkenmap,academy"
188,roofvis,kunstaas maat kiezen snoek herfst,"snoek vangen herfst,kunstaas snoek,snoek tips",info+koop,herfst,gids,4,maat vs prooivis,"shads,jerkbaits,pluggen,spinnerbaits,dropshot,leaders,stingers","roofvis-gids,stekkenmap,academy"
189,roofvis,kunstaas maat kiezen baars winter,"baars vangen winter,kunstaas baars,baars tips",info+koop,winter,gids,4,maat vs prooivis,"shads,jerkbaits,pluggen,spinnerbaits,dropshot,leaders,stingers","roofvis-gids,stekkenmap,academy"
190,roofvis,kunstaas maat kiezen baars voorjaar,"baars vangen voorjaar,kunstaas baars,baars tips",info+koop,voorjaar,gids,4,maat vs prooivis,"shads,jerkbaits,pluggen,spinnerbaits,dropshot,leaders,stingers","roofvis-gids,stekkenmap,academy"
191,roofvis,kunstaas maat kiezen baars zomer,"baars vangen zomer,kunstaas baars,baars tips",info+koop,zomer,gids,4,maat vs prooivis,"shads,jerkbaits,pluggen,spinnerbaits,dropshot,leaders,stingers","roofvis-gids,stekkenmap,academy"
192,roofvis,kunstaas maat kiezen baars herfst,"baars vangen herfst,kunstaas baars,baars tips",info+koop,herfst,gids,4,maat vs prooivis,"shads,jerkbaits,pluggen,spinnerbaits,dropshot,leaders,stingers","roofvis-gids,stekkenmap,academy"
193,roofvis,kunstaas maat kiezen snoekbaars winter,"snoekbaars vangen winter,kunstaas snoekbaars,snoekbaars tips",info+koop,winter,gids,4,maat vs prooivis,"shads,jerkbaits,pluggen,spinnerbaits,dropshot,leaders,stingers","roofvis-gids,stekkenmap,academy"
194,roofvis,kunstaas maat kiezen snoekbaars voorjaar,"snoekbaars vangen voorjaar,kunstaas snoekbaars,snoekbaars tips",info+koop,voorjaar,gids,4,maat vs prooivis,"shads,jerkbaits,pluggen,spinnerbaits,dropshot,leaders,stingers","roofvis-gids,stekkenmap,academy"
195,roofvis,kunstaas maat kiezen snoekbaars zomer,"snoekbaars vangen zomer,kunstaas snoekbaars,snoekbaars tips",info+koop,zomer,gids,4,maat vs prooivis,"shads,jerkbaits,pluggen,spinnerbaits,dropshot,leaders,stingers","roofvis-gids,stekkenmap,academy"
196,roofvis,kunstaas maat kiezen snoekbaars herfst,"snoekbaars vangen herfst,kunstaas snoekbaars,snoekbaars tips",info+koop,herfst,gids,4,maat vs prooivis,"shads,jerkbaits,pluggen,spinnerbaits,dropshot,leaders,stingers","roofvis-gids,stekkenmap,academy"
197,roofvis,roofvis strategie snoek winter,"snoek vangen winter,kunstaas snoek,snoek tips",info,winter,gids,3,aanpak per moment,"shads,jerkbaits,pluggen,spinnerbaits,dropshot,leaders,stingers","roofvis-gids,stekkenmap,academy"
198,roofvis,roofvis strategie snoek voorjaar,"snoek vangen voorjaar,kunstaas snoek,snoek tips",info,voorjaar,gids,3,aanpak per moment,"shads,jerkbaits,pluggen,spinnerbaits,dropshot,leaders,stingers","roofvis-gids,stekkenmap,academy"
199,roofvis,roofvis strategie snoek zomer,"snoek vangen zomer,kunstaas snoek,snoek tips",info,zomer,gids,3,aanpak per moment,"shads,jerkbaits,pluggen,spinnerbaits,dropshot,leaders,stingers","roofvis-gids,stekkenmap,academy"
200,roofvis,roofvis strategie snoek herfst,"snoek vangen herfst,kunstaas snoek,snoek tips",info,herfst,gids,3,aanpak per moment,"shads,jerkbaits,pluggen,spinnerbaits,dropshot,leaders,stingers","roofvis-gids,stekkenmap,academy"
201,roofvis,roofvis strategie baars winter,"baars vangen winter,kunstaas baars,baars tips",info,winter,gids,3,aanpak per moment,"shads,jerkbaits,pluggen,spinnerbaits,dropshot,leaders,stingers","roofvis-gids,stekkenmap,academy"
202,roofvis,roofvis strategie baars voorjaar,"baars vangen voorjaar,kunstaas baars,baars tips",info,voorjaar,gids,3,aanpak per moment,"shads,jerkbaits,pluggen,spinnerbaits,dropshot,leaders,stingers","roofvis-gids,stekkenmap,academy"
203,roofvis,roofvis strategie baars zomer,"baars vangen zomer,kunstaas baars,baars tips",info,zomer,gids,3,aanpak per moment,"shads,jerkbaits,pluggen,spinnerbaits,dropshot,leaders,stingers","roofvis-gids,stekkenmap,academy"
204,roofvis,roofvis strategie baars herfst,"baars vangen herfst,kunstaas baars,baars tips",info,herfst,gids,3,aanpak per moment,"shads,jerkbaits,pluggen,spinnerbaits,dropshot,leaders,stingers","roofvis-gids,stekkenmap,academy"
205,roofvis,roofvis strategie snoekbaars winter,"snoekbaars vangen winter,kunstaas snoekbaars,snoekbaars tips",info,winter,gids,3,aanpak per moment,"shads,jerkbaits,pluggen,spinnerbaits,dropshot,leaders,stingers","roofvis-gids,stekkenmap,academy"
206,roofvis,roofvis strategie snoekbaars voorjaar,"snoekbaars vangen voorjaar,kunstaas snoekbaars,snoekbaars tips",info,voorjaar,gids,3,aanpak per moment,"shads,jerkbaits,pluggen,spinnerbaits,dropshot,leaders,stingers","roofvis-gids,stekkenmap,academy"
207,roofvis,roofvis strategie snoekbaars zomer,"snoekbaars vangen zomer,kunstaas snoekbaars,snoekbaars tips",info,zomer,gids,3,aanpak per moment,"shads,jerkbaits,pluggen,spinnerbaits,dropshot,leaders,stingers","roofvis-gids,stekkenmap,academy"
208,roofvis,roofvis strategie snoekbaars herfst,"snoekbaars vangen herfst,kunstaas snoekbaars,snoekbaars tips",info,herfst,gids,3,aanpak per moment,"shads,jerkbaits,pluggen,spinnerbaits,dropshot,leaders,stingers","roofvis-gids,stekkenmap,academy"
209,roofvis,spinnerbaits voor baars in diep water,"baars kunstaas diep water,spinnerbaits tips,baars techniek",koop,alle,gids,4,techniek + setup + retrieve,"spinnerbaits,staal",roofvis-gids
210,roofvis,dropshot voor snoekbaars in kanaal,"snoekbaars kunstaas kanaal,dropshot tips,snoekbaars techniek",koop,alle,gids,4,techniek + setup + retrieve,"dropshot,haken,lood","roofvis-gids,knopen"
211,roofvis,shads voor snoek in rivier,"snoek kunstaas rivier,shads tips,snoek techniek",koop,alle,gids,4,techniek + setup + retrieve,"shads,loodkoppen,stingers","roofvis-gids,stekkenmap"
212,roofvis,jerkbaits voor baars in polder,"baars kunstaas polder,jerkbaits tips,baars techniek",koop,alle,gids,4,techniek + setup + retrieve,"jerkbaits,staal,splitringen",roofvis-gids
213,roofvis,pluggen voor snoekbaars in helder water,"snoekbaars kunstaas helder water,pluggen tips,snoekbaars techniek",koop,alle,gids,4,techniek + setup + retrieve,"pluggen,leaders,dreggen",roofvis-gids
214,roofvis,spinnerbaits voor snoek in troebel water,"snoek kunstaas troebel water,spinnerbaits tips,snoek techniek",koop,alle,gids,4,techniek + setup + retrieve,"spinnerbaits,staal",roofvis-gids
215,roofvis,dropshot voor baars in wind,"baars kunstaas wind,dropshot tips,baars techniek",koop,alle,gids,4,techniek + setup + retrieve,"dropshot,haken,lood","roofvis-gids,knopen"
216,roofvis,shads voor snoekbaars in regen,"snoekbaars kunstaas regen,shads tips,snoekbaars techniek",koop,alle,gids,4,techniek + setup + retrieve,"shads,loodkoppen,stingers","roofvis-gids,stekkenmap"
217,roofvis,jerkbaits voor snoek in ondiep water,"snoek kunstaas ondiep water,jerkbaits tips,snoek techniek",koop,alle,gids,4,techniek + setup + retrieve,"jerkbaits,staal,splitringen",roofvis-gids
218,roofvis,pluggen voor baars in diep water,"baars kunstaas diep water,pluggen tips,baars techniek",koop,alle,gids,4,techniek + setup + retrieve,"pluggen,leaders,dreggen",roofvis-gids
219,roofvis,spinnerbaits voor snoekbaars in kanaal,"snoekbaars kunstaas kanaal,spinnerbaits tips,snoekbaars techniek",koop,alle,gids,4,techniek + setup + retrieve,"spinnerbaits,staal",roofvis-gids
220,roofvis,dropshot voor snoek in rivier,"snoek kunstaas rivier,dropshot tips,snoek techniek",koop,alle,gids,4,techniek + setup + retrieve,"dropshot,haken,lood","roofvis-gids,knopen"
221,roofvis,shads voor baars in polder,"baars kunstaas polder,shads tips,baars techniek",koop,alle,gids,4,techniek + setup + retrieve,"shads,loodkoppen,stingers","roofvis-gids,stekkenmap"
222,roofvis,jerkbaits voor snoekbaars in helder water,"snoekbaars kunstaas helder water,jerkbaits tips,snoekbaars techniek",koop,alle,gids,4,techniek + setup + retrieve,"jerkbaits,staal,splitringen",roofvis-gids
223,roofvis,pluggen voor snoek in troebel water,"snoek kunstaas troebel water,pluggen tips,snoek techniek",koop,alle,gids,4,techniek + setup + retrieve,"pluggen,leaders,dreggen",roofvis-gids
224,roofvis,spinnerbaits voor baars in wind,"baars kunstaas wind,spinnerbaits tips,baars techniek",koop,alle,gids,4,techniek + setup + retrieve,"spinnerbaits,staal",roofvis-gids
225,roofvis,dropshot voor snoekbaars in regen,"snoekbaars kunstaas regen,dropshot tips,snoekbaars techniek",koop,alle,gids,4,techniek + setup + retrieve,"dropshot,haken,lood","roofvis-gids,knopen"
226,roofvis,shads voor snoek in ondiep water,"snoek kunstaas ondiep water,shads tips,snoek techniek",koop,alle,gids,4,techniek + setup + retrieve,"shads,loodkoppen,stingers","roofvis-gids,stekkenmap"
227,roofvis,jerkbaits voor baars in diep water,"baars kunstaas diep water,jerkbaits tips,baars techniek",koop,alle,gids,4,techniek + setup + retrieve,"jerkbaits,staal,splitringen",roofvis-gids
228,roofvis,pluggen voor snoekbaars in kanaal,"snoekbaars kunstaas kanaal,pluggen tips,snoekbaars techniek",koop,alle,gids,4,techniek + setup + retrieve,"pluggen,leaders,dreggen",roofvis-gids
229,roofvis,spinnerbaits voor snoek in rivier,"snoek kunstaas rivier,spinnerbaits tips,snoek techniek",koop,alle,gids,4,techniek + setup + retrieve,"spinnerbaits,staal",roofvis-gids
230,roofvis,dropshot voor baars in polder,"baars kunstaas polder,dropshot tips,baars techniek",koop,alle,gids,4,techniek + setup + retrieve,"dropshot,haken,lood","roofvis-gids,knopen"
231,roofvis,shads voor snoekbaars in helder water,"snoekbaars kunstaas helder water,shads tips,snoekbaars techniek",koop,alle,gids,4,techniek + setup + retrieve,"shads,loodkoppen,stingers","roofvis-gids,stekkenmap"
232,roofvis,jerkbaits voor snoek in troebel water,"snoek kunstaas troebel water,jerkbaits tips,snoek techniek",koop,alle,gids,4,techniek + setup + retrieve,"jerkbaits,staal,splitringen",roofvis-gids
233,roofvis,pluggen voor baars in wind,"baars kunstaas wind,pluggen tips,baars techniek",koop,alle,gids,4,techniek + setup + retrieve,"pluggen,leaders,dreggen",roofvis-gids
234,roofvis,spinnerbaits voor snoekbaars in regen,"snoekbaars kunstaas regen,spinnerbaits tips,snoekbaars techniek",koop,alle,gids,4,techniek + setup + retrieve,"spinnerbaits,staal",roofvis-gids
235,roofvis,dropshot voor snoek in ondiep water,"snoek kunstaas ondiep water,dropshot tips,snoek techniek",koop,alle,gids,4,techniek + setup + retrieve,"dropshot,haken,lood","roofvis-gids,knopen"
236,roofvis,shads voor baars in diep water,"baars kunstaas diep water,shads tips,baars techniek",koop,alle,gids,4,techniek + setup + retrieve,"shads,loodkoppen,stingers","roofvis-gids,stekkenmap"
237,roofvis,jerkbaits voor snoekbaars in kanaal,"snoekbaars kunstaas kanaal,jerkbaits tips,snoekbaars techniek",koop,alle,gids,4,techniek + setup + retrieve,"jerkbaits,staal,splitringen",roofvis-gids
238,roofvis,pluggen voor snoek in rivier,"snoek kunstaas rivier,pluggen tips,snoek techniek",koop,alle,gids,4,techniek + setup + retrieve,"pluggen,leaders,dreggen",roofvis-gids
239,roofvis,spinnerbaits voor baars in polder,"baars kunstaas polder,spinnerbaits tips,baars techniek",koop,alle,gids,4,techniek + setup + retrieve,"spinnerbaits,staal",roofvis-gids
240,roofvis,dropshot voor snoekbaars in helder water,"snoekbaars kunstaas helder water,dropshot tips,snoekbaars techniek",koop,alle,gids,4,techniek + setup + retrieve,"dropshot,haken,lood","roofvis-gids,knopen"
241,roofvis,shads voor snoek in troebel water,"snoek kunstaas troebel water,shads tips,snoek techniek",koop,alle,gids,4,techniek + setup + retrieve,"shads,loodkoppen,stingers","roofvis-gids,stekkenmap"
242,roofvis,jerkbaits voor baars in wind,"baars kunstaas wind,jerkbaits tips,baars techniek",koop,alle,gids,4,techniek + setup + retrieve,"jerkbaits,staal,splitringen",roofvis-gids
243,roofvis,pluggen voor snoekbaars in regen,"snoekbaars kunstaas regen,pluggen tips,snoekbaars techniek",koop,alle,gids,4,techniek + setup + retrieve,"pluggen,leaders,dreggen",roofvis-gids
244,roofvis,spinnerbaits voor snoek in ondiep water,"snoek kunstaas ondiep water,spinnerbaits tips,snoek techniek",koop,alle,gids,4,techniek + setup + retrieve,"spinnerbaits,staal",roofvis-gids
245,roofvis,dropshot voor baars in diep water,"baars kunstaas diep water,dropshot tips,baars techniek",koop,alle,gids,4,techniek + setup + retrieve,"dropshot,haken,lood","roofvis-gids,knopen"
246,roofvis,shads voor snoekbaars in kanaal,"snoekbaars kunstaas kanaal,shads tips,snoekbaars techniek",koop,alle,gids,4,techniek + setup + retrieve,"shads,loodkoppen,stingers","roofvis-gids,stekkenmap"
247,roofvis,jerkbaits voor snoek in rivier,"snoek kunstaas rivier,jerkbaits tips,snoek techniek",koop,alle,gids,4,techniek + setup + retrieve,"jerkbaits,staal,splitringen",roofvis-gids
248,roofvis,pluggen voor baars in polder,"baars kunstaas polder,pluggen tips,baars techniek",koop,alle,gids,4,techniek + setup + retrieve,"pluggen,leaders,dreggen",roofvis-gids
249,roofvis,spinnerbaits voor snoekbaars in helder water,"snoekbaars kunstaas helder water,spinnerbaits tips,snoekbaars techniek",koop,alle,gids,4,techniek + setup + retrieve,"spinnerbaits,staal",roofvis-gids
250,roofvis,dropshot voor snoek in troebel water,"snoek kunstaas troebel water,dropshot tips,snoek techniek",koop,alle,gids,4,techniek + setup + retrieve,"dropshot,haken,lood","roofvis-gids,knopen"
251,witvis,beste lokvoer witvis winter,"witvis winter,brasem voeren winter,voorn aas winter",koop,winter,toplist,4,mixen per vis/plek,"lokvoer,mixen,feederkorven,haken,onderlijnen,aas","witvis-gids,knopen,stekkenmap,academy"
252,witvis,beste lokvoer witvis voorjaar,"witvis voorjaar,brasem voeren voorjaar,voorn aas voorjaar",koop,voorjaar,toplist,4,mixen per vis/plek,"lokvoer,mixen,feederkorven,haken,onderlijnen,aas","witvis-gids,knopen,stekkenmap,academy"
253,witvis,beste lokvoer witvis zomer,"witvis zomer,brasem voeren zomer,voorn aas zomer",koop,zomer,toplist,4,mixen per vis/plek,"lokvoer,mixen,feederkorven,haken,onderlijnen,aas","witvis-gids,knopen,stekkenmap,academy"
254,witvis,beste lokvoer witvis herfst,"witvis herfst,brasem voeren herfst,voorn aas herfst",koop,herfst,toplist,4,mixen per vis/plek,"lokvoer,mixen,feederkorven,haken,onderlijnen,aas","witvis-gids,knopen,stekkenmap,academy"
255,witvis,voerstrategie witvis winter,"witvis winter,brasem voeren winter,voorn aas winter",info+koop,winter,gids,3,hoeveel en hoe vaak,"lokvoer,mixen,feederkorven,haken,onderlijnen,aas","witvis-gids,knopen,stekkenmap,academy"
256,witvis,voerstrategie witvis voorjaar,"witvis voorjaar,brasem voeren voorjaar,voorn aas voorjaar",info+koop,voorjaar,gids,3,hoeveel en hoe vaak,"lokvoer,mixen,feederkorven,haken,onderlijnen,aas","witvis-gids,knopen,stekkenmap,academy"
257,witvis,voerstrategie witvis zomer,"witvis zomer,brasem voeren zomer,voorn aas zomer",info+koop,zomer,gids,3,hoeveel en hoe vaak,"lokvoer,mixen,feederkorven,haken,onderlijnen,aas","witvis-gids,knopen,stekkenmap,academy"
258,witvis,voerstrategie witvis herfst,"witvis herfst,brasem voeren herfst,voorn aas herfst",info+koop,herfst,gids,3,hoeveel en hoe vaak,"lokvoer,mixen,feederkorven,haken,onderlijnen,aas","witvis-gids,knopen,stekkenmap,academy"
259,witvis,aas keuze witvis winter,"witvis winter,brasem voeren winter,voorn aas winter",info+koop,winter,keuzehulp,3,aas per seizoen,"lokvoer,mixen,feederkorven,haken,onderlijnen,aas","witvis-gids,knopen,stekkenmap,academy"
260,witvis,aas keuze witvis voorjaar,"witvis voorjaar,brasem voeren voorjaar,voorn aas voorjaar",info+koop,voorjaar,keuzehulp,3,aas per seizoen,"lokvoer,mixen,feederkorven,haken,onderlijnen,aas","witvis-gids,knopen,stekkenmap,academy"
261,witvis,aas keuze witvis zomer,"witvis zomer,brasem voeren zomer,voorn aas zomer",info+koop,zomer,keuzehulp,3,aas per seizoen,"lokvoer,mixen,feederkorven,haken,onderlijnen,aas","witvis-gids,knopen,stekkenmap,academy"
262,witvis,aas keuze witvis herfst,"witvis herfst,brasem voeren herfst,voorn aas herfst",info+koop,herfst,keuzehulp,3,aas per seizoen,"lokvoer,mixen,feederkorven,haken,onderlijnen,aas","witvis-gids,knopen,stekkenmap,academy"
263,witvis,montage gids witvis winter,"witvis winter,brasem voeren winter,voorn aas winter",info+koop,winter,howto,3,simpel uitgelegd,"lokvoer,mixen,feederkorven,haken,onderlijnen,aas","witvis-gids,knopen,stekkenmap,academy"
264,witvis,montage gids witvis voorjaar,"witvis voorjaar,brasem voeren voorjaar,voorn aas voorjaar",info+koop,voorjaar,howto,3,simpel uitgelegd,"lokvoer,mixen,feederkorven,haken,onderlijnen,aas","witvis-gids,knopen,stekkenmap,academy"
265,witvis,montage gids witvis zomer,"witvis zomer,brasem voeren zomer,voorn aas zomer",info+koop,zomer,howto,3,simpel uitgelegd,"lokvoer,mixen,feederkorven,haken,onderlijnen,aas","witvis-gids,knopen,stekkenmap,academy"
266,witvis,montage gids witvis herfst,"witvis herfst,brasem voeren herfst,voorn aas herfst",info+koop,herfst,howto,3,simpel uitgelegd,"lokvoer,mixen,feederkorven,haken,onderlijnen,aas","witvis-gids,knopen,stekkenmap,academy"
267,witvis,match op karper (witvis bijvangst) in rivier (zomer),"karper (witvis bijvangst) vangen rivier,match tips,wormen als aas",info+koop,zomer,gids,3,setup + voerplek + aanbeten lezen,"lokvoer,feederkorven,haken,onderlijnen,aas","witvis-gids,stekkenmap,academy"
268,witvis,method feeder op kolblei in plas (herfst),"kolblei vangen plas,method feeder tips,pellets als aas",info+koop,herfst,gids,3,setup + voerplek + aanbeten lezen,"lokvoer,feederkorven,haken,onderlijnen,aas","witvis-gids,stekkenmap,academy"
269,witvis,feeder op brasem in polderwater (winter),"brasem vangen polderwater,feeder tips,maïs als aas",info+koop,winter,gids,3,setup + voerplek + aanbeten lezen,"lokvoer,feederkorven,haken,onderlijnen,aas","witvis-gids,stekkenmap,academy"
270,witvis,vaste stok op voorn in haven (voorjaar),"voorn vangen haven,vaste stok tips,brood als aas",info+koop,voorjaar,gids,3,setup + voerplek + aanbeten lezen,"lokvoer,feederkorven,haken,onderlijnen,aas","witvis-gids,stekkenmap,academy"
271,witvis,match op karper (witvis bijvangst) in kanaal (zomer),"karper (witvis bijvangst) vangen kanaal,match tips,maden als aas",info+koop,zomer,gids,3,setup + voerplek + aanbeten lezen,"lokvoer,feederkorven,haken,onderlijnen,aas","witvis-gids,stekkenmap,academy"
272,witvis,method feeder op kolblei in rivier (herfst),"kolblei vangen rivier,method feeder tips,casters als aas",info+koop,herfst,gids,3,setup + voerplek + aanbeten lezen,"lokvoer,feederkorven,haken,onderlijnen,aas","witvis-gids,stekkenmap,academy"
273,witvis,feeder op brasem in plas (winter),"brasem vangen plas,feeder tips,wormen als aas",info+koop,winter,gids,3,setup + voerplek + aanbeten lezen,"lokvoer,feederkorven,haken,onderlijnen,aas","witvis-gids,stekkenmap,academy"
274,witvis,vaste stok op voorn in polderwater (voorjaar),"voorn vangen polderwater,vaste stok tips,pellets als aas",info+koop,voorjaar,gids,3,setup + voerplek + aanbeten lezen,"lokvoer,feederkorven,haken,onderlijnen,aas","witvis-gids,stekkenmap,academy"
275,witvis,match op karper (witvis bijvangst) in haven (zomer),"karper (witvis bijvangst) vangen haven,match tips,maïs als aas",info+koop,zomer,gids,3,setup + voerplek + aanbeten lezen,"lokvoer,feederkorven,haken,onderlijnen,aas","witvis-gids,stekkenmap,academy"
276,witvis,method feeder op kolblei in kanaal (herfst),"kolblei vangen kanaal,method feeder tips,brood als aas",info+koop,herfst,gids,3,setup + voerplek + aanbeten lezen,"lokvoer,feederkorven,haken,onderlijnen,aas","witvis-gids,stekkenmap,academy"
277,witvis,feeder op brasem in rivier (winter),"brasem vangen rivier,feeder tips,maden als aas",info+koop,winter,gids,3,setup + voerplek + aanbeten lezen,"lokvoer,feederkorven,haken,onderlijnen,aas","witvis-gids,stekkenmap,academy"
278,witvis,vaste stok op voorn in plas (voorjaar),"voorn vangen plas,vaste stok tips,casters als aas",info+koop,voorjaar,gids,3,setup + voerplek + aanbeten lezen,"lokvoer,feederkorven,haken,onderlijnen,aas","witvis-gids,stekkenmap,academy"
279,witvis,match op karper (witvis bijvangst) in polderwater (zomer),"karper (witvis bijvangst) vangen polderwater,match tips,wormen als aas",info+koop,zomer,gids,3,setup + voerplek + aanbeten lezen,"lokvoer,feederkorven,haken,onderlijnen,aas","witvis-gids,stekkenmap,academy"
280,witvis,method feeder op kolblei in haven (herfst),"kolblei vangen haven,method feeder tips,pellets als aas",info+koop,herfst,gids,3,setup + voerplek + aanbeten lezen,"lokvoer,feederkorven,haken,onderlijnen,aas","witvis-gids,stekkenmap,academy"
281,witvis,feeder op brasem in kanaal (winter),"brasem vangen kanaal,feeder tips,maïs als aas",info+koop,winter,gids,3,setup + voerplek + aanbeten lezen,"lokvoer,feederkorven,haken,onderlijnen,aas","witvis-gids,stekkenmap,academy"
282,witvis,vaste stok op voorn in rivier (voorjaar),"voorn vangen rivier,vaste stok tips,brood als aas",info+koop,voorjaar,gids,3,setup + voerplek + aanbeten lezen,"lokvoer,feederkorven,haken,onderlijnen,aas","witvis-gids,stekkenmap,academy"
283,witvis,match op karper (witvis bijvangst) in plas (zomer),"karper (witvis bijvangst) vangen plas,match tips,maden als aas",info+koop,zomer,gids,3,setup + voerplek + aanbeten lezen,"lokvoer,feederkorven,haken,onderlijnen,aas","witvis-gids,stekkenmap,academy"
284,witvis,method feeder op kolblei in polderwater (herfst),"kolblei vangen polderwater,method feeder tips,casters als aas",info+koop,herfst,gids,3,setup + voerplek + aanbeten lezen,"lokvoer,feederkorven,haken,onderlijnen,aas","witvis-gids,stekkenmap,academy"
285,witvis,feeder op brasem in haven (winter),"brasem vangen haven,feeder tips,wormen als aas",info+koop,winter,gids,3,setup + voerplek + aanbeten lezen,"lokvoer,feederkorven,haken,onderlijnen,aas","witvis-gids,stekkenmap,academy"
286,witvis,vaste stok op voorn in kanaal (voorjaar),"voorn vangen kanaal,vaste stok tips,pellets als aas",info+koop,voorjaar,gids,3,setup + voerplek + aanbeten lezen,"lokvoer,feederkorven,haken,onderlijnen,aas","witvis-gids,stekkenmap,academy"
287,witvis,match op karper (witvis bijvangst) in rivier (zomer),"karper (witvis bijvangst) vangen rivier,match tips,maïs als aas",info+koop,zomer,gids,3,setup + voerplek + aanbeten lezen,"lokvoer,feederkorven,haken,onderlijnen,aas","witvis-gids,stekkenmap,academy"
288,witvis,method feeder op kolblei in plas (herfst),"kolblei vangen plas,method feeder tips,brood als aas",info+koop,herfst,gids,3,setup + voerplek + aanbeten lezen,"lokvoer,feederkorven,haken,onderlijnen,aas","witvis-gids,stekkenmap,academy"
289,witvis,feeder op brasem in polderwater (winter),"brasem vangen polderwater,feeder tips,maden als aas",info+koop,winter,gids,3,setup + voerplek + aanbeten lezen,"lokvoer,feederkorven,haken,onderlijnen,aas","witvis-gids,stekkenmap,academy"
290,witvis,vaste stok op voorn in haven (voorjaar),"voorn vangen haven,vaste stok tips,casters als aas",info+koop,voorjaar,gids,3,setup + voerplek + aanbeten lezen,"lokvoer,feederkorven,haken,onderlijnen,aas","witvis-gids,stekkenmap,academy"
291,witvis,match op karper (witvis bijvangst) in kanaal (zomer),"karper (witvis bijvangst) vangen kanaal,match tips,wormen als aas",info+koop,zomer,gids,3,setup + voerplek + aanbeten lezen,"lokvoer,feederkorven,haken,onderlijnen,aas","witvis-gids,stekkenmap,academy"
292,witvis,method feeder op kolblei in rivier (herfst),"kolblei vangen rivier,method feeder tips,pellets als aas",info+koop,herfst,gids,3,setup + voerplek + aanbeten lezen,"lokvoer,feederkorven,haken,onderlijnen,aas","witvis-gids,stekkenmap,academy"
293,witvis,feeder op brasem in plas (winter),"brasem vangen plas,feeder tips,maïs als aas",info+koop,winter,gids,3,setup + voerplek + aanbeten lezen,"lokvoer,feederkorven,haken,onderlijnen,aas","witvis-gids,stekkenmap,academy"
294,witvis,vaste stok op voorn in polderwater (voorjaar),"voorn vangen polderwater,vaste stok tips,brood als aas",info+koop,voorjaar,gids,3,setup + voerplek + aanbeten lezen,"lokvoer,feederkorven,haken,onderlijnen,aas","witvis-gids,stekkenmap,academy"
295,witvis,match op karper (witvis bijvangst) in haven (zomer),"karper (witvis bijvangst) vangen haven,match tips,maden als aas",info+koop,zomer,gids,3,setup + voerplek + aanbeten lezen,"lokvoer,feederkorven,haken,onderlijnen,aas","witvis-gids,stekkenmap,academy"
296,witvis,method feeder op kolblei in kanaal (herfst),"kolblei vangen kanaal,method feeder tips,casters als aas",info+koop,herfst,gids,3,setup + voerplek + aanbeten lezen,"lokvoer,feederkorven,haken,onderlijnen,aas","witvis-gids,stekkenmap,academy"
297,witvis,feeder op brasem in rivier (winter),"brasem vangen rivier,feeder tips,wormen als aas",info+koop,winter,gids,3,setup + voerplek + aanbeten lezen,"lokvoer,feederkorven,haken,onderlijnen,aas","witvis-gids,stekkenmap,academy"
298,witvis,vaste stok op voorn in plas (voorjaar),"voorn vangen plas,vaste stok tips,pellets als aas",info+koop,voorjaar,gids,3,setup + voerplek + aanbeten lezen,"lokvoer,feederkorven,haken,onderlijnen,aas","witvis-gids,stekkenmap,academy"
299,witvis,match op karper (witvis bijvangst) in polderwater (zomer),"karper (witvis bijvangst) vangen polderwater,match tips,maïs als aas",info+koop,zomer,gids,3,setup + voerplek + aanbeten lezen,"lokvoer,feederkorven,haken,onderlijnen,aas","witvis-gids,stekkenmap,academy"
300,witvis,method feeder op kolblei in haven (herfst),"kolblei vangen haven,method feeder tips,brood als aas",info+koop,herfst,gids,3,setup + voerplek + aanbeten lezen,"lokvoer,feederkorven,haken,onderlijnen,aas","witvis-gids,stekkenmap,academy"
301,witvis,feeder op brasem in kanaal (winter),"brasem vangen kanaal,feeder tips,maden als aas",info+koop,winter,gids,3,setup + voerplek + aanbeten lezen,"lokvoer,feederkorven,haken,onderlijnen,aas","witvis-gids,stekkenmap,academy"
302,witvis,vaste stok op voorn in rivier (voorjaar),"voorn vangen rivier,vaste stok tips,casters als aas",info+koop,voorjaar,gids,3,setup + voerplek + aanbeten lezen,"lokvoer,feederkorven,haken,onderlijnen,aas","witvis-gids,stekkenmap,academy"
303,witvis,match op karper (witvis bijvangst) in plas (zomer),"karper (witvis bijvangst) vangen plas,match tips,wormen als aas",info+koop,zomer,gids,3,setup + voerplek + aanbeten lezen,"lokvoer,feederkorven,haken,onderlijnen,aas","witvis-gids,stekkenmap,academy"
304,witvis,method feeder op kolblei in polderwater (herfst),"kolblei vangen polderwater,method feeder tips,pellets als aas",info+koop,herfst,gids,3,setup + voerplek + aanbeten lezen,"lokvoer,feederkorven,haken,onderlijnen,aas","witvis-gids,stekkenmap,academy"
305,witvis,feeder op brasem in haven (winter),"brasem vangen haven,feeder tips,maïs als aas",info+koop,winter,gids,3,setup + voerplek + aanbeten lezen,"lokvoer,feederkorven,haken,onderlijnen,aas","witvis-gids,stekkenmap,academy"
306,witvis,vaste stok op voorn in kanaal (voorjaar),"voorn vangen kanaal,vaste stok tips,brood als aas",info+koop,voorjaar,gids,3,setup + voerplek + aanbeten lezen,"lokvoer,feederkorven,haken,onderlijnen,aas","witvis-gids,stekkenmap,academy"
307,witvis,match op karper (witvis bijvangst) in rivier (zomer),"karper (witvis bijvangst) vangen rivier,match tips,maden als aas",info+koop,zomer,gids,3,setup + voerplek + aanbeten lezen,"lokvoer,feederkorven,haken,onderlijnen,aas","witvis-gids,stekkenmap,academy"
308,witvis,method feeder op kolblei in plas (herfst),"kolblei vangen plas,method feeder tips,casters als aas",info+koop,herfst,gids,3,setup + voerplek + aanbeten lezen,"lokvoer,feederkorven,haken,onderlijnen,aas","witvis-gids,stekkenmap,academy"
309,witvis,feeder op brasem in polderwater (winter),"brasem vangen polderwater,feeder tips,wormen als aas",info+koop,winter,gids,3,setup + voerplek + aanbeten lezen,"lokvoer,feederkorven,haken,onderlijnen,aas","witvis-gids,stekkenmap,academy"
310,witvis,vaste stok op voorn in haven (voorjaar),"voorn vangen haven,vaste stok tips,pellets als aas",info+koop,voorjaar,gids,3,setup + voerplek + aanbeten lezen,"lokvoer,feederkorven,haken,onderlijnen,aas","witvis-gids,stekkenmap,academy"