species_id,name_nl,xp_base,difficulty,name_latin,water_set,set_group,advice_group,angling_group,rarity,is_protected_nl,region_set,is_core_sport,is_collectible,card_style,habitat,life_history_notes,distribution_nl_notes,identification_notes,record_nl,environment,image_ref,data_source
nl-afrikaanse-meerval,Afrikaanse meerval,20,3,Clarias gariepinus,zoet,witvis,witvis,witvis,uncommon,no,NL,yes,yes,style_epic,Zoet,,,,,fresh,,sportvisserij_nl + bestaande_db
nl-alver,Alver,5,1,Alburnus alburnus,zoet,witvis,witvis,witvis,common,no,NL,yes,yes,style_common,"Het verspreidingsgebied van alver beslaat bijna heel Europa tot aan de Oeral. Alleen in de meest noordelijke en zuidelijke delen van Europa komt alver niet voor (ItaliÃ«, de Balkan, het grootste deel van Spanje en Griekenland). In Nederland komt de soort verspreid over het land voor met name in en rond de grote rivieren, het IJsselmeer en de randmeren.","De alver is een gedeeltelijk stromingsminnende soort. Ze hebben een voorkeur voor grotere, langzaam stromende wateren zoals rivieren, grote beken, maar komen ook voor in meren, plassen en kanalen. Alvers leven vaak in grote scholen en jagen in de bovenste waterlaag op zoÃ¶plankton en insecten.",https://www.verspreidingsatlas.nl/verspreidingskaart.aspx?soortcode=3001010,"De alver (Alburnus alburnus) behoort tot de familie van de karpers (Cyprinidae). Ze hebben een zijdelings afgeplat lichaam met opvallend zilver gekleurde schubben en spitse kop met een relatief kleine sterk bovenstandige bek. De soort kan 20 centimeter groot worden maar blijft meestal kleiner (circa 15 centimeter). Alvers kunnen verward worden met (jonge) roofblei, vetje en spiering. Roofblei heeft een grotere bek die tot onder het oog doorloopt, vetjes hebben een onvoledige zijlijn en spiering heeft een vetvin.",21 cm,fresh,SoortenDash_Images/32.Foto.214302.jpg,sportvisserij_nl + bestaande_db
nl-amerikaanse-hondsvis,Amerikaanse hondsvis,15,1,Umbra pygmaea,zoet,witvis,witvis,witvis,common,no,NL,yes,yes,style_common,Zoet,,,,,fresh,,sportvisserij_nl + bestaande_db
nl-ansjovis,Ansjovis,10,1,Engraulis encrasicolus,zout,pelagisch,pelagisch,pelagisch,common,unknown,NL,yes,yes,style_common,,,,,,sea,,sportvisserij_nl
nl-atlantische-zalm,Atlantische zalm,50,4,Salmo salar,zoet,roofvis,roofvis,roofvis,epic,no,NL,yes,yes,style_epic,,,,,,fresh,,sportvisserij_nl + bestaande_db
nl-barbeel,Barbeel,25,3,Barbus barbus,zoet,witvis,witvis,witvis,uncommon,no,NL,yes,yes,style_uncommon,"Barbeel is een riviergebonden soort die voorkomt in West- en Centraal-Europa en delen van Oost-Europa. In Nederland komt de soort voor in de snellerstromende delen van de Rijntakken (IJssel en Waal), de Maas (Grensmaas) en Limburgse snel stromende riviertjes als de Geul en de Roer. Bekende Nederlandse voortplantingsplaatsen bevinden zich in de Grensmaas, de Geul, de Roer, de Worm en waarschijnlijk in ook in de Swalm. Het vermoeden bestaat dat de volwassen barbelen uit de Nederlandse Rijntakken naar het Duitse deel van de Rijn en hier gelegen zijriviertjes trekken om te paaien op de hier aanwezige grindbanken.",De barbeel is een geheel stromingsminnende soort. Ze leven in rivieren en grote beken met een matige tot snelle stroming. Adulte barbelen prefereren diepere plaatsen op de overgang van snelstromend naar langzamer stromend water zoals stroomkommen of in stroomkuilen nabij kribben. Jonge barbelen zijn ook vaak in de zeer snel stromende delen te vinden. Barbelen foeragerenâs nachts en tijdens de schemering waarbij ze de bodem met hun bekdraden afzoeken naar ongewervelden en kleine vissen.,https://www.verspreidingsatlas.nl/verspreidingskaart.aspx?soortcode=3001044,"Barbeel (Barbus barbus) behoort tot de familie van de karpers (Cyprinidae). De soort heeft een langgerekt lichaam met een afgeplatte kop en onderstandige uitstulpbare bek met viert bekdraden (twee op de bovenlip en Ã©Ã©n in elke mondhoek). De rug is bruin tot bruingroen met messing tot zilverkleurige flanken met kleine donkere vlekjes. Jonge barbelen zijn meer beige van kleur. De soort kan een lengte van 94 centimeter bereiken. De soort is te onderscheiden van gelijkende vissoorten door het aantal bekdraden, bermpje heeft er 6 en riviergrondel en witvinriviergrondel hebben er slechts 2.",89 cm,fresh,SoortenDash_Images/12.Foto.213927.jpg,sportvisserij_nl + bestaande_db
nl-beekforel,Beekforel,15,1,Salvelinus fontinalis,zoet,roofvis,roofvis,roofvis,common,no,NL,yes,yes,style_common,Bronforel komt oorspronkelijk uit het Oosten van Noord-Amerika en is over heel Europa uitgezet. De soort wordt als gevolg van uitzettingen of ontsnappingen uit kwekerijen incidenteel in Nederland waargenomen in met name de grote rivieren en enkele beken in Gelderland en Limburg. De eerste waarnemingen uit Nederland dateteren uit de jaren 70 van de vorige eeuw.,"De bronforel is gedeeltelijk stromingsminnend en heeft een voorkeur voor koude zuurstofrijke wateren zoals beken, rivieren en meren. Bronforel eet dierlijk plankton, kleine kreeftachtigen, kleine visjes, insectenlarven en insecten die op het wateroppervlak vallen.",https://www.verspreidingsatlas.nl/verspreidingskaart.aspx?soortcode=3001270,"Bronforel (Salvelinus fontinalis) behoort tot de familie van de zalmen (Salmonidae). De soort heeft een vetvin. De flanken zijn bruingroen van kleur met daarop gele en blauwe vlekken en de buik is rood.  Bronforel wordt tot ongeveer 50 centimeter lang. De kaak van de bronforel reikt tot achter het oog en hiermee onderscheidt hij zich van Atlantische forel, regenboogforel en zalm. Bronforel eet dierlijk plankton, kleine kreeftachtigen, kleine visjes, insectenlarven en insecten die op het wateroppervlak vallen. In het Oostvoornse Meer is de Elzasser saibling, een kruising tussen bronforel en Arctische forel (Salvenis alpinus), uitgezet ten behoeve van de sportvisserij. ",85 cm,fresh,SoortenDash_Images/16.Foto.214104.jpg,sportvisserij_nl + bestaande_db
nl-beekprik,Beekprik,15,3,Lampetra planeri,zoet,witvis,witvis,witvis,rare,yes,NL,yes,yes,style_rare,Zoet,,,,,fresh,,sportvisserij_nl + bestaande_db
nl-bermpje,Bermpje,5,1,Barbatula barbatula,zoet,witvis,witvis,witvis,common,no,NL,yes,yes,style_common,Zoet,,,,,fresh,,sportvisserij_nl + bestaande_db
nl-bittervoorn,Bittervoorn,10,2,Rhodeus amarus,zoet,witvis,witvis,witvis,uncommon,yes,NL,yes,yes,style_uncommon,"Het verspreidingsgebied van bittervoorn strekt zich uit van Nederland tot aan de Kaspische Zee, waarbij de soort niet voorkomt op de door zee omringde eilanden, ScandinaviÃ«, Spanje, ItaliÃ« en Griekenland. Er zijn onderzoeken die erop duiden dat het verspreidingsgebied ooit beperkt was tot stroomgebieden aan de noordkant van de Zwarte Zee. De bittervoorn is mogelijk met karpertransporten in de middeleeuwen over Europa verspreid zijn en zo ook in Nederland terecht gekomen. Dit zou ook verklaren dat de soort Groningen en Drenthe niet heeft bereikt. De kern van de verspreiding in Nederland ligt in Noord-Holland, Zuid-Holland, Utrecht en langs de grote rivieren.","De bittervoorn is een plantminnende soort. Ze leven hebben een voorkeur voor stilstaande tot langzaamstromende wateren met plantenrijke oevers. In Nederland bestaat hun leefgebied uit uiterwaardwateren in het rivierengebied, bredere vaarten en sloten in poldergebieden, plassen en de benedenlopen van riviertjes en beken.Gedurende het jaar zwemmen ze in kleine groepjes of schooltjes maar s' winters kunnen op beschutte plaatsen scholen van duizende bittervoorns ontstaan. De soort voedt zich hier met plantaardig en klein dierlijk voedsel.",https://www.verspreidingsatlas.nl/verspreidingskaart.aspx?soortcode=3001261,"De bittervoorn (Rhodeus amarus) behoort tot de familie van de karpers (Cyprinidae). Het is een kleine vis met een hooggebouwd zijdelings afgeplat lichaam. De flanken zijn zilverkleurig met een blauwgroene lengtestreep richting de staartwortel. In de paaitijd krijgen de mannetjes een paarse gloed en worden ze rood op de borst, de vrouwtjes ontwikkelen een legbuis vanuit de anaalopening. Ze kunnen maximaal 9 centimeter lang worden. De zijlijn is onvolledig (vier tot zeven schubben lang). Jonge exemplaren van andere karperachtigen zoals brasem en kolblei vertonen enige gelijkenis. In tegenstelling tot de bittervoorn hebben deze soorten een volledige zijlijn en een langere anaalvin. Kroeskarper en giebel hebben een langere rugvin.",9 cm,fresh,SoortenDash_Images/27.Foto.214238.jpg,sportvisserij_nl + bestaande_db
nl-blankvoorn,Blankvoorn,5,1,Rutilus rutilus,zoet,witvis,witvis,witvis,common,no,NL,yes,yes,style_common,"De blankvoorn komt in bijna heel Europa voor, in grote delen van Spanje en ItaliÃ« ontbreekt de soort. In Nederland is de soort zeer wijd verspreid en nagenoeg overal te vinden.op de brakkere delen van Zeeland en kleine beken op de hogere zandgronden na.","Blankvoorn is een generalistische soort die in vrijwel alle watertypen voorkomt van stilstaand tot stromend water. Alleen zeer ondiepe of dichtbegroeide wateren worden gemeden. Het voedsel bestaat uit ongewervelden, plankton en plantaardig materiaal.",https://www.verspreidingsatlas.nl/verspreidingskaart.aspx?soortcode=3001263,"De blankvoorn (Rutilus rutilus) behoort tot de karpers (Cyprinidae). De soort heeft een zijdelings afgeplatte lichaam met zilverkleurige flanken. De bek is eindstandig en het oog is doorgaans oranjerood van kleur. Blankvoorn kan tot 51 centimeter groot worden. De soort is te onderscheiden van gelijkende karperachtigen op basis van de stand van de bek en plaatsing van de vinnen. Bij blankvoorn begint de rugvin recht boven het begin van de buikvinnen terwijl deze bij rietvoorn, winde en kopvoorn achter de buikvin begint. De serpeling en sneep hebben een onderstandige bek",48 cm (1.75 kg),fresh,SoortenDash_Images/10.Foto.213706.jpg,sportvisserij_nl + bestaande_db
nl-blauwband,Blauwband,7,1,Pseudorasbora parva,zoet,witvis,witvis,witvis,common,no,NL,yes,yes,style_common,,,,,,fresh,,sportvisserij_nl + bestaande_db
nl-blauwneus,Blauwneus,7,1,Vimba vimba,zoet,witvis,witvis,witvis,common,no,NL,yes,yes,style_common,,,,,,fresh,,sportvisserij_nl + bestaande_db
nl-blonde-grondel,Blonde grondel,10,1,Gobiusculus flavescens,zout,zeevis,zeevis,zeevis,common,unknown,NL,yes,yes,style_common,,,,,,sea,,sportvisserij_nl
nl-bonito,Bonito,10,1,Sarda sarda,zout,pelagisch,pelagisch,pelagisch,common,unknown,NL,yes,yes,style_common,,,,,,sea,,sportvisserij_nl
nl-bot,Bot,10,1,Platichthys flesus,zoet,witvis,witvis,witvis,common,no,NL,yes,yes,style_common,Brak/Zout,,,,,fresh,,sportvisserij_nl + bestaande_db
nl-botervis,Botervis,10,1,Pholis gunnellus,zout,zeevis,zeevis,zeevis,common,unknown,NL,yes,yes,style_common,,,,,,sea,,sportvisserij_nl
nl-braam,Braam,10,1,Brama brama,zout,zeevis,zeevis,zeevis,common,unknown,NL,yes,yes,style_common,,,,,,sea,,sportvisserij_nl
nl-bronforel,Bronforel,25,2,Salvelinus fontinalis,zoet,roofvis,roofvis,roofvis,uncommon,no,NL,yes,yes,style_uncommon,,,,,,fresh,,sportvisserij_nl + bestaande_db
nl-bruine-amerikaanse-dwergmeerval,Bruine Amerikaanse dwergmeerval,20,1,Ameiurus nebulosus,zoet,witvis,witvis,witvis,common,no,NL,yes,yes,style_common,Zoet,,,,,fresh,,sportvisserij_nl + bestaande_db
nl-diklipharder,Diklipharder,25,2,Chelon labrosus,zoet,witvis,witvis,witvis,uncommon,no,NL,yes,yes,style_uncommon,,,,,,fresh,,sportvisserij_nl + bestaande_db
nl-donaubrasem,Donaubrasem,10,1,Ballerus sapa,zoet,witvis,witvis,witvis,common,no,NL,yes,yes,style_common,,,,,,fresh,,sportvisserij_nl + bestaande_db
nl-doornhaai,Doornhaai,10,1,Squalus acanthias,zout,haai/rog,haai/rog,haai/rog,common,unknown,NL,yes,yes,style_common,,,,,,sea,,sportvisserij_nl
nl-driedoornige-stekelbaars,Driedoornige stekelbaars,5,1,Gasterosteus aculeatus,zoet,witvis,witvis,witvis,common,no,NL,yes,yes,style_common,"Driedoornige stekelbaars komt in een groot deel van Europa voor. In Noord- en Zuid-Europa alleen langs de kust en in Midden Europa ook in het zoete water van rivieren, meren, kanalen en sloten. In Nederland komt deze soort in vrijwel elk watertype voor. In delen van Drenthe ontbreekt de driedoornige stekelbaars. Dit komt waarschijnlijk doordat de soort na de laatste ijstijd zijn areaal heeft uitgebreid vanaf zee maar door de ligging van de Hondsrug en omringend hoogveen niet verder landinwaarts kon trekken.","De driedoornige stekelbaars is een generalistische soort. Ze komen in zoetwater in zowel stilstaande als stromende wateren voor met een voorkeur voor heldere, kleinere begroeide wateren zoals sloten en beken. In grotere wateren zoals rivieren en meren leven ze in de oeverzone. Ze jagen op zicht op zooplankton en macrofauna. Afhankelijk van de leefwijze worden drie vormen onderscheiden. De Leiurus-vorm leeft permanent in zoet water. De trekkende Semiarmatus-vorm groeit op in zee en plant zich voort in zoet water. De Trachurus-vorm leeft permanent in zee of estuaria.",https://www.verspreidingsatlas.nl/verspreidingskaart.aspx?soortcode=3001127,"De driedoornige stekelbaars (Gasterosteus aculeatus) behoort tot de familie van de stekelbaarzen (Gasterosteidae). Het is een kleine vis met een zijdelings afgeplatte lichaam met zilvere flanken met zwarte strepen of vlekken. Op de rug bevinden zich drie harde stekels, soms zijn dit er twee of vier. In de paaitijd krijgen mannetjes een felrode onderkant en een blauwachtige rug en iris. Stekelbaarzen hebben geen schubben maar beenplaten. Hoe zouter het water waar ze leven, hoe meer van deze platen er op de flanken aanwezig zijn. Ook worden ze groter in zout water, tot 11 centimeter lang. In zoet water worden ze niet langer dan ongeveer 8 centimeter. Het onderscheid met de tiendoornige stekelbaars kan gemaakt worden doordat deze soort acht tot twaalf stekels op de rug heeft en slanker van vorm is.",10 cm,fresh,SoortenDash_Images/28.Foto.214420.jpg,sportvisserij_nl + bestaande_db
nl-dunlipharder,Dunlipharder,25,2,Chelon ramada,zoet,witvis,witvis,witvis,uncommon,no,NL,yes,yes,style_uncommon,Brak/Zout,,,,,fresh,,sportvisserij_nl + bestaande_db
nl-dwergbolk,Dwergbolk,10,1,Trisopterus minutus,zout,zeevis,zeevis,zeevis,common,unknown,NL,yes,yes,style_common,,,,,,sea,,sportvisserij_nl
nl-elft,Elft,50,4,Alosa alosa,zoet,witvis,witvis,witvis,epic,yes,NL,yes,yes,style_epic,,,,,,fresh,,sportvisserij_nl + bestaande_db
nl-elrits,Elrits,5,1,Phoxinus phoxinus,zoet,witvis,witvis,witvis,common,no,NL,yes,yes,style_common,"Recent heeft genetisch onderzoek aangetoond dat er een groot aantal elritssoorten voorkomen in Europa. De voor Nederland inheemse (Phoxinus phoxinus) komt van nature voor in Nederland, BelgiÃ«, Luxemburg , het westen van Duitsland en het noorden van Frankrijk.. In Nederland komt de elrits voor in de Geul, genetische onderzoek heeft uitgewezen dat hier naast de inheemse elrits (Phoxinus phoxinus) ook een uitheemse elritssoort (Phoxinus csikii) uit centraal Europa is aangetroffen (1 van de 8 geanalyseerde exemplaren). Bij de populatie in de Roer en Rode Beek werden enkel inheemse elritsen (Phoxinus phoxinus) aangetroffen (9 geanalyseerde exemplaren). Op oostflank van de Veluwe in de Verloren Beek en Klaarbeek bleken de geanalyseerde elritsen te behoren tot (Phoxinus cf morella): een genetische lijn die het dichtsbij Phoxinus morella ligt, een soort uit waarvan de dichtsbijzijnde vindplaats in het stroomgebied van de Ems bij Osnabruck (Duitsland) ligt. De populatie op de Veluwe is waarschijnlijk het gevolg van dieren die in het verleden ontsnapt zijn uit een nabijgelegen forellenkwekerij maar een noordelijke relictpopulatie is niet uit te sluiten.","Elrits is een geheel stromingsminnende soort. De soort komt voor in matig tot snelstromende zuurstofrijke beken en rivieren. Ze leven in scholen, vaak vrij dicht onder het wateroppervlak. Ze voeden zich met zoÃ¶plankton en macrofauna, ook de eitjes en larven van andere vissoorten worden gegeten. In de winter scholen elritsen samen op plaatsen met een lage stroomsnelheid en verschuilen zich daarbij tussen stenen.",https://www.verspreidingsatlas.nl/verspreidingskaart.aspx?soortcode=3001232,"Elrits (Phoxinus phoxinus) komt uit de familie van de karpers (Cypriniden). Het is een kleine langgerekte vis met een stompe kop en eindstandige bek. De rug is vaak donkerolijfgroen van kleur met onregelmatige vlekken op de flanken. De mannetjes krijgen tijdens de paaitijd een rode onderkant, een groene waas op de rug en pikzwarte vlekken op de flank. Elrits kan tot 12 centimeter lang worden. Bij de exotische dikkopelrits beginnen rug- en buikvin op vrijwel gelijke hoogte. Bij de inheemse elrits begint de rugvin duidelijk achter de buikvinnen. Jonge zalmachtigen hebben een vetvin.",8 cm,fresh,SoortenDash_Images/30.Foto.214403.jpg,sportvisserij_nl + bestaande_db
nl-engelse-poon,Engelse poon,10,1,Chelidonichthys cuculus,zout,zeevis,zeevis,zeevis,common,unknown,NL,yes,yes,style_common,,,,,,sea,,sportvisserij_nl
nl-europese-meerval,Europese meerval,20,3,Silurus glanis,zoet,roofvis,roofvis,roofvis,uncommon,no,NL,yes,yes,style_epic,Zoet,,,,,fresh,,sportvisserij_nl + bestaande_db
nl-europese-steur,Europese steur,50,5,Acipenser sturio,zoet,witvis,witvis,witvis,legendary,yes,NL,yes,yes,style_legendary,Zout,,,,,fresh,,sportvisserij_nl + bestaande_db
nl-fint,Fint,15,3,Alosa fallax,zoet,witvis,witvis,witvis,rare,yes,NL,yes,yes,style_rare,Zout,,,,,fresh,,sportvisserij_nl + bestaande_db
nl-geep,Geep,10,1,Belone belone,zout,zeevis,zeevis,zeevis,common,unknown,NL,yes,yes,style_common,,,,,,sea,,sportvisserij_nl
nl-gehoornde-slijmvis,Gehoornde slijmvis,10,1,Parablennius gattorugine,zout,zeevis,zeevis,zeevis,common,unknown,NL,yes,yes,style_common,,,,,,sea,,sportvisserij_nl
nl-gestippelde-alver,Gestippelde alver,10,1,Alburnoides bipunctatus,zoet,witvis,witvis,witvis,common,no,NL,yes,yes,style_common,,,,,,fresh,,sportvisserij_nl + bestaande_db
nl-gevlekte-gladde-haai,Gevlekte gladde haai,10,1,Mustelus asterias,zout,haai/rog,haai/rog,haai/rog,common,unknown,NL,yes,yes,style_common,,,,,,sea,,sportvisserij_nl
nl-gevlekte-griet,Gevlekte griet,10,1,Zeugopterus punctatus,zout,platvis,platvis,platvis,common,unknown,NL,yes,yes,style_common,,,,,,sea,,sportvisserij_nl
nl-gevlekte-lipvis,Gevlekte lipvis,10,1,Labrus bergylta,zout,zeevis,zeevis,zeevis,common,unknown,NL,yes,yes,style_common,,,,,,sea,,sportvisserij_nl
nl-gevlekte-rog,Gevlekte rog,10,1,Raja montagui,zout,haai/rog,haai/rog,haai/rog,common,unknown,NL,yes,yes,style_common,,,,,,sea,,sportvisserij_nl
nl-giebel,Giebel,25,2,Carassius gibelio,zoet,witvis,witvis,witvis,uncommon,no,NL,yes,yes,style_uncommon,"Giebel komt oorspronkelijk uit centraal Europa en SiberiÃ«, ij de 17e eeuw is de soort waarschijnlijk bij vistransporten van karpers meegekomen naar West-Europa.","De giebel heeft een voorkeur voor stilstaand tot langzaam stromend water met waterplanten. In Nederland wordt giebel vaak aangetroffen in vijvers, poelen en sloten In het Oosten van het verspreidingsgebied (AziÃ«) planten giebels zich wel geslachtelijk voort en zijn er dus ook mannelijke giebels te vinden. Het voedsel bestaat uit waterdiertjes zoals zoÃ¶plankton, insectenlarven en kleine kreeftachtigen aangevuld met plantaardig voedsel zoals algen en waterplanten.",https://www.verspreidingsatlas.nl/verspreidingskaart.aspx?soortcode=3001062,"Giebel (Carassius gibelio) is een hooggebouwde zijdelings afgeplatte karperachtige (Cyprinidae) met geelwitte tot bruingelige flanken. Giebels kunnen tot circa 45 centimeter lang worden. Karper en kroeskarper lijken op giebel. Het onderscheid met karper kan gemaakt worden doordat karper bekdraden heeft. Kroeskarper heeft een bolle rugvin en 33-36 schubben op de zijlijn, de giebel heeft er 27-32 en een holle rugvin. In tegenstelling tot jonge karpers en kroeskarpers hebben jonge giebels geen donkere vlek op de staartwortel.",57 cm,fresh,SoortenDash_Images/25.Foto.214447.jpg,sportvisserij_nl + bestaande_db
nl-goudbrasem,Goudbrasem,10,1,Sparus aurata,zout,zeevis,zeevis,zeevis,common,unknown,NL,yes,yes,style_common,,,,,,sea,,sportvisserij_nl
nl-goudvis,Goudvis,10,1,Carassius auratus,zoet,witvis,witvis,witvis,common,no,NL,yes,yes,style_common,Zoet,,,,,fresh,,sportvisserij_nl + bestaande_db
nl-graskarper,Graskarper,20,3,Ctenopharyngodon idella,zoet,witvis,karper,witvis,rare,no,NL,yes,yes,style_uncommon,Het oorspronkelijke leefgebied van graskarper bevindt zich in de grote rivieren met hoge zomertemperaturen in Oost-AziÃ« en Oost-SiberiÃ«. Omdat het voedsel hoofdzakelijk uit zachte waterplanten bestaat is de graskarper wereldwijd uitgezet om overvloedige ontwikkeling van waterplanten te bestrijden. In Nederland is de graskarper in 1968 voor het eerst uitgezet met dit doel. In de decenia daarna zijn er honderduizenden graskarpertjes uitgezet verspreid over Nederland.,Graskarpers zijn gedeeltelijk stromingsminnend en leven van nature in grote riviersystemen en de daarmee verbonden wateren. Jonge graskarpers voeden zich met watervlooien en macrofauna. Naarmate ze groter worden schakelen ze over op waterplanten. Bij een lengte van 10cm zijn ze nagenoeg geheel vegetarisch.,https://www.verspreidingsatlas.nl/verspreidingskaart.aspx?soortcode=3001095,De graskarper (Ctenopharyngodon idella) is een karperachtige (Cyprinidae) met een torpedovormig lichaam en bruingroene flanken. De grote schubben zijn zwart omrand waardoor er op de flank een nettekening zichtbaar is. Graskarpers kunnen tot 112 cm lang worden. Karper en kopvoorn vertonen overeenkomsten met graskarper. Het onderscheid met karper kan gemaakt worden doordat deze bekdraden heeft. Bij kopvoorn is de rand van de anaalvin bolrond terwijl deze bij graskarper recht is.,114 cm,fresh,SoortenDash_Images/21.Foto.213228.jpg,sportvisserij_nl + bestaande_db
nl-grauwe-poon,Grauwe poon,10,1,Eutrigla gurnardus,zout,zeevis,zeevis,zeevis,common,unknown,NL,yes,yes,style_common,,,,,,sea,,sportvisserij_nl
nl-griet,Griet,10,1,Scophthalmus rhombus,zout,platvis,platvis,platvis,common,unknown,NL,yes,yes,style_common,,,,,,sea,,sportvisserij_nl
nl-groene-zeedonderpad,Groene zeedonderpad,10,1,Taurulus bubalis,zout,zeevis,zeevis,zeevis,common,unknown,NL,yes,yes,style_common,,,,,,sea,,sportvisserij_nl
nl-grootkopkarper,Grootkopkarper,25,2,Hypophthalmichthys nobilis,zoet,witvis,karper,witvis,uncommon,no,NL,yes,yes,style_uncommon,,,,,,fresh,,sportvisserij_nl + bestaande_db
nl-grote-marene,Grote marene,25,1,Coregonus lavaretus,zoet,witvis,witvis,witvis,common,no,NL,yes,yes,style_common,,,,,,fresh,,sportvisserij_nl + bestaande_db
nl-grote-modderkruiper,Grote modderkruiper,5,3,Misgurnus fossilis,zoet,witvis,witvis,witvis,rare,yes,NL,yes,yes,style_rare,Zoet,,,,,fresh,,sportvisserij_nl + bestaande_db
nl-grote-pieterman,Grote pieterman,10,1,Trachinus draco,zout,zeevis,zeevis,zeevis,common,unknown,NL,yes,yes,style_common,,,,,,sea,,sportvisserij_nl
nl-grote-zeenaald,Grote zeenaald,10,1,Syngnathus acus,zout,zeevis,zeevis,zeevis,common,unknown,NL,yes,yes,style_common,,,,,,sea,,sportvisserij_nl
nl-gup,Gup,5,1,Poecilia reticulata,zoet,witvis,witvis,witvis,common,no,NL,yes,yes,style_common,,,,,,fresh,,sportvisserij_nl + bestaande_db
nl-haring,Haring,10,1,Clupea harengus,zout,pelagisch,pelagisch,pelagisch,common,unknown,NL,yes,yes,style_common,,,,,,sea,,sportvisserij_nl
nl-haringhaai,Haringhaai,10,1,Lamna nasus,zout,haai/rog,haai/rog,haai/rog,common,unknown,NL,yes,yes,style_common,,,,,,sea,,sportvisserij_nl
nl-harnasmannetje,Harnasmannetje,10,1,Agonus cataphractus,zout,zeevis,zeevis,zeevis,common,unknown,NL,yes,yes,style_common,,,,,,sea,,sportvisserij_nl
nl-heek,Heek,10,1,Merluccius merluccius,zout,zeevis,zeevis,zeevis,common,unknown,NL,yes,yes,style_common,,,,,,sea,,sportvisserij_nl
nl-heilbot,Heilbot,10,1,Hippoglossus hippoglossus,zout,platvis,platvis,platvis,common,unknown,NL,yes,yes,style_common,,,,,,sea,,sportvisserij_nl
nl-hondshaai,Hondshaai,10,1,Scyliorhinus canicula,zout,haai/rog,haai/rog,haai/rog,common,unknown,NL,yes,yes,style_common,,,,,,sea,,sportvisserij_nl
nl-horsmakreel,Horsmakreel,10,1,Trachurus trachurus,zout,pelagisch,pelagisch,pelagisch,common,unknown,NL,yes,yes,style_common,,,,,,sea,,sportvisserij_nl
nl-houting,Houting,15,3,Coregonus oxyrinchus,zoet,witvis,witvis,witvis,rare,yes,NL,yes,yes,style_rare,,,,,,fresh,,sportvisserij_nl + bestaande_db
nl-kabeljauw,Kabeljauw,10,1,Gadus morhua,zout,zeevis,zeevis,zeevis,common,unknown,NL,yes,yes,style_common,,,,,,sea,,sportvisserij_nl
nl-kathaai,Kathaai,10,1,Scyliorhinus stellaris,zout,haai/rog,haai/rog,haai/rog,common,unknown,NL,yes,yes,style_common,,,,,,sea,,sportvisserij_nl
nl-kesslers-grondel,Kesslers grondel,3,1,Ponticola kessleri,zoet,witvis,witvis,witvis,common,no,NL,yes,yes,style_common,,,,,,fresh,,sportvisserij_nl + bestaande_db
nl-kleine-marene,Kleine marene,20,1,Coregonus albula,zoet,witvis,witvis,witvis,common,no,NL,yes,yes,style_common,,,,,,fresh,,sportvisserij_nl + bestaande_db
nl-kleine-modderkruiper,Kleine modderkruiper,5,3,Cobitis taenia,zoet,witvis,witvis,witvis,rare,yes,NL,yes,yes,style_rare,,,,,12 cm,fresh,SoortenDash_Images/34.Foto.214351.jpg,sportvisserij_nl + bestaande_db
nl-kleine-pieterman,Kleine pieterman,10,1,Echiichthys vipera,zout,zeevis,zeevis,zeevis,common,unknown,NL,yes,yes,style_common,,,,,,sea,,sportvisserij_nl
nl-kliplipvis,Kliplipvis,10,1,Ctenolabrus rupestris,zout,zeevis,zeevis,zeevis,common,unknown,NL,yes,yes,style_common,,,,,,sea,,sportvisserij_nl
nl-knorrepos,Knorrepos,10,1,Micropogon undulatus,zout,zeevis,zeevis,zeevis,common,unknown,NL,yes,yes,style_common,,,,,,sea,,sportvisserij_nl
nl-kolblei,Kolblei,5,1,Blicca bjoerkna,zoet,witvis,witvis,witvis,common,no,NL,yes,yes,style_common,,,,,46 cm,fresh,SoortenDash_Images/23.Foto.214459.jpg,sportvisserij_nl + bestaande_db
nl-kongeraal,Kongeraal,10,1,Conger conger,zout,zeevis,zeevis,zeevis,common,unknown,NL,yes,yes,style_common,,,,,,sea,,sportvisserij_nl
nl-koolvis,Koolvis,10,1,Pollachius virens,zout,zeevis,zeevis,zeevis,common,unknown,NL,yes,yes,style_common,,,,,,sea,,sportvisserij_nl
nl-koornaarvis,Koornaarvis,10,1,Atherina presbyter,zout,zeevis,zeevis,zeevis,common,unknown,NL,yes,yes,style_common,,,,,,sea,,sportvisserij_nl
nl-kopvoorn,Kopvoorn,10,2,Squalius cephalus,zoet,witvis,witvis,witvis,uncommon,no,NL,yes,yes,style_uncommon,,,,,59 cm,fresh,SoortenDash_Images/17.Foto.214149.jpg,sportvisserij_nl + bestaande_db
nl-kroeskarper,Kroeskarper,25,2,Carassius carassius,zoet,witvis,karper,witvis,uncommon,no,NL,yes,yes,style_uncommon,Zoet,,,,,fresh,,sportvisserij_nl + bestaande_db
nl-kruiskarper,Kruiskarper,25,2,karper-giebel hybride,zoet,witvis,karper,witvis,uncommon,no,NL,yes,yes,style_uncommon,,,,,,fresh,,sportvisserij_nl + bestaande_db
nl-kwabaal,Kwabaal,25,2,Lota lota,zoet,roofvis,roofvis,roofvis,uncommon,no,NL,yes,yes,style_uncommon,,,,,60 cm,fresh,SoortenDash_Images/20.Foto.214130.jpg,sportvisserij_nl + bestaande_db
nl-lange-schar,Lange schar,10,1,Hippoglossoides platessoides,zout,platvis,platvis,platvis,common,unknown,NL,yes,yes,style_common,,,,,,sea,,sportvisserij_nl
nl-leng,Leng,10,1,Molva molva,zout,zeevis,zeevis,zeevis,common,unknown,NL,yes,yes,style_common,,,,,,sea,,sportvisserij_nl
nl-maanvis,Maanvis,10,1,Mola mola,zout,zeevis,zeevis,zeevis,common,unknown,NL,yes,yes,style_common,,,,,,sea,,sportvisserij_nl
nl-makreel,Makreel,10,1,Scomber scombrus,zout,pelagisch,pelagisch,pelagisch,common,unknown,NL,yes,yes,style_common,,,,,,sea,,sportvisserij_nl
nl-marmergrondel,Marmergrondel,3,1,Proterorhinus semilunaris,zoet,witvis,witvis,witvis,common,no,NL,yes,yes,style_common,Zoet,,,,,fresh,,sportvisserij_nl + bestaande_db
nl-mul,Mul,10,1,Mullus surmuletus,zout,zeevis,zeevis,zeevis,common,unknown,NL,yes,yes,style_common,,,,,,sea,,sportvisserij_nl
nl-paganelgrondel,Paganelgrondel,10,1,Gobius paganellus,zout,zeevis,zeevis,zeevis,common,unknown,NL,yes,yes,style_common,,,,,,sea,,sportvisserij_nl
nl-paling,Paling,9,1,Anguilla anguilla,zoet,witvis,witvis,witvis,common,no,NL,yes,yes,style_common,Zoet,,,,,fresh,,sportvisserij_nl + bestaande_db
nl-pijlstaartrog,Pijlstaartrog,10,1,Dasyatis pastinaca,zout,haai/rog,haai/rog,haai/rog,common,unknown,NL,yes,yes,style_common,,,,,,sea,,sportvisserij_nl
nl-pitvis,Pitvis,10,1,Callionymus lyra,zout,zeevis,zeevis,zeevis,common,unknown,NL,yes,yes,style_common,,,,,,sea,,sportvisserij_nl
nl-pollak,Pollak,10,1,Pollachius pollachius,zout,zeevis,zeevis,zeevis,common,unknown,NL,yes,yes,style_common,,,,,,sea,,sportvisserij_nl
nl-pontische-stroomgrondel,Pontische stroomgrondel,3,1,Neogobius fluviatilis,zoet,witvis,witvis,witvis,common,no,NL,yes,yes,style_common,,,,,,fresh,,sportvisserij_nl + bestaande_db
nl-pos,Pos,5,1,Gymnocephalus cernua,zoet,roofvis,roofvis,roofvis,common,no,NL,yes,yes,style_common,,,,,20 cm,fresh,SoortenDash_Images/31.Foto.214316.jpg,sportvisserij_nl + bestaande_db
nl-puitaal,Puitaal,10,1,Zoarces viviparus,zout,zeevis,zeevis,zeevis,common,unknown,NL,yes,yes,style_common,,,,,,sea,,sportvisserij_nl
nl-regenboogforel,Regenboogforel,25,2,Oncorhynchus mykiss,zoet,roofvis,roofvis,roofvis,uncommon,no,NL,yes,yes,style_uncommon,,,,,,fresh,,sportvisserij_nl + bestaande_db
nl-reuzenhaai,Reuzenhaai,10,1,Cetorhinus maximus,zout,haai/rog,haai/rog,haai/rog,common,unknown,NL,yes,yes,style_common,,,,,,sea,,sportvisserij_nl
nl-rietvoorn,Rietvoorn,7,1,Scardinius erythrophthalmus,zoet,witvis,witvis,witvis,common,no,NL,yes,yes,style_common,Zoet,,,,,fresh,,sportvisserij_nl + bestaande_db
nl-rivierdonderpad,Rivierdonderpad,5,3,Cottus perifretum,zoet,roofvis,roofvis,roofvis,rare,yes,NL,yes,yes,style_rare,Zoet,,,,,fresh,,sportvisserij_nl + bestaande_db
nl-riviergrondel,Riviergrondel,3,1,Gobio gobio,zoet,witvis,witvis,witvis,common,no,NL,yes,yes,style_common,,,,,16 cm,fresh,SoortenDash_Images/24.Foto.214250.jpg,sportvisserij_nl + bestaande_db
nl-rivierprik,Rivierprik,15,3,Lampetra fluviatilis,zoet,witvis,witvis,witvis,rare,yes,NL,yes,yes,style_rare,,,,,,fresh,SoortenDash_Images/15.Foto.214027.jpg,sportvisserij_nl + bestaande_db
nl-rode-poon,Rode poon,10,1,Chelidonichthys lucerna,zout,zeevis,zeevis,zeevis,common,unknown,NL,yes,yes,style_common,,,,,,sea,,sportvisserij_nl
nl-roofblei,Roofblei,20,2,Leuciscus aspius,zoet,roofvis,roofvis,roofvis,uncommon,no,NL,yes,yes,style_uncommon,Het oorspronkelijke leefgebied van roofblei strekt zich van Oost-Duitsland uit tot aan de Aral Zee. In Duitsland is roofblei in het laatste kwart van de 20e eeuw uitgezet ten behoeve van de hengelsport en heeft zich vanuit hier waarschijnlijk naar Nederland verspreid. De eerste Nederlandse waarneming werd in 1984 in de Roer gedaan en betrof in Duitsland uitgezette dieren. Tegenwoordig komt de soort in alle grote Nederlandse rivieren en de hiermee verbonden wateren zoals meren en kanalen voor.,"Roofblei is een gedeeltelijk stromingsminnende soort. Jonge dieren voeden zich met kleine ongewervelden zoals aasgarnaaltjes, vlokreeftjes en insectenlarven. Vanaf 30 centimeter staat hoofdzakelijk vis op het menu, waarbij regelmatig in kleine groepen wordt gejaagd net onder het wateroppervlak.",https://www.verspreidingsatlas.nl/verspreidingskaart.aspx?soortcode=3001035,De roofblei (Leuciscus aspius) behoort tot de familie van de karperachtigen (Cyprinidae) en heeft een langgerekt zijdelings afgeplat lichaam met zilverkleurige flanken. Kenmerkend is de grote bovenstandige bek met een puntig onderkaak die in een kuiltje in de bovenkaak valt. Roofblei kan tot 87 cm lang worden. Gelijkende karperachtigen zoals winde en alver hebben een kleinere bek zonder kuiltje in de bovenkaak. Spiering heeft een vetvin en ruikt naar komkommer.,87 cm,fresh,SoortenDash_Images/18.Foto.214044.jpg,sportvisserij_nl + bestaande_db
nl-russische-steur,Russische steur,50,5,Acipenser gueldenstaedtii,zoet,witvis,witvis,witvis,legendary,no,NL,yes,yes,style_legendary,,,,,,fresh,,sportvisserij_nl + bestaande_db
nl-ruwe-haai,Ruwe haai,10,1,Galeorhinus galeus,zout,haai/rog,haai/rog,haai/rog,common,unknown,NL,yes,yes,style_common,,,,,,sea,,sportvisserij_nl
nl-schar,Schar,10,1,Limanda limanda,zout,platvis,platvis,platvis,common,unknown,NL,yes,yes,style_common,,,,,,sea,,sportvisserij_nl
nl-schelvis,Schelvis,10,1,Melanogrammus aeglefinus,zout,zeevis,zeevis,zeevis,common,unknown,NL,yes,yes,style_common,,,,,,sea,,sportvisserij_nl
nl-schol,Schol,10,1,Pleuronectes platessa,zout,platvis,platvis,platvis,common,unknown,NL,yes,yes,style_common,,,,,,sea,,sportvisserij_nl
nl-karper,Schubkarper,14,2,Cyprinus carpio,zoet,witvis,karper,witvis,common,no,NL,yes,yes,style_common,Zoet,,,,,fresh,,sportvisserij_nl + bestaande_db
nl-serpeling,Serpeling,8,3,Leuciscus leuciscus,zoet,witvis,witvis,witvis,rare,yes,NL,yes,yes,style_rare,,,,,,fresh,,sportvisserij_nl + bestaande_db
nl-siberische-steur,Siberische steur,50,5,Acipenser baerii,zoet,witvis,witvis,witvis,legendary,no,NL,yes,yes,style_legendary,,,,,,fresh,,sportvisserij_nl + bestaande_db
nl-slijmvis,Slijmvis,10,1,Lipophrys pholis,zout,zeevis,zeevis,zeevis,common,unknown,NL,yes,yes,style_common,,,,,,sea,,sportvisserij_nl
nl-smelt,Smelt,10,1,Osmerus eperlanus,zout,zeevis,zeevis,zeevis,common,unknown,NL,yes,yes,style_common,,,,,,sea,,sportvisserij_nl
nl-sneep,Sneep,15,3,Chondrostoma nasus,zoet,witvis,witvis,witvis,rare,yes,NL,yes,yes,style_rare,,,,,,fresh,,sportvisserij_nl + bestaande_db
nl-snoek,Snoek,10,1,Esox lucius,zoet,roofvis,roofvis,roofvis,common,no,NL,yes,yes,style_common,Snoek komt over het gehele Noordelijk Halfrond voor in gebieden waar geen tropisch of sub-tropisch klimaat heerst. Met uitzondering van Griekenland en AlbaniÃ« komt de soort overal in Europa voor. In Nederland is de snoek te vinden in vrijwel elk watertype.,"De snoek heeft een voorkeur voor heldere, stilstaande tot langzaam stromende wateren met veel oever- en onderwaterplanten. Met name voor de overleving van de jongere levensstadia die beschutting nodig hebben is watervegetatie van groot belang. In Nederland komt de soort in vrijwel alle watertypen voor. Tot een centimeter of tien eten snoeken zoÃ¶plankton en macrofauna, daarna hoofdzakelijk vis. Naast andere vissen eten snoeken eigenlijk alles wat in het water zwemt en in hun bek past. Ook amfibieÃ«n, jonge vogels en kleine zoogdieren behoren tot de prooidieren.",https://www.verspreidingsatlas.nl/verspreidingskaart.aspx?soortcode=3001117,"De snoek (Esox lucius) behoort tot de familie van de snoeken (Esoxidae) en heeft een torpedovormig lichaam met een lange kop en een grote brede bek met scherpe tanden. Het lichaam heeft een groen tot grijsbruine kleur met een patroon van gele tot gouden vlekken die vaak dwarsbanden vormen. De maximale lengte bedraagt circa 140 centimeter. Het onderscheid met snoekbaars kan gemaakt worden doordat deze soort twee rugvinnen heeft, snoek heeft Ã©Ã©n rugvin.",138 cm,fresh,SoortenDash_Images/7.Foto.213533.jpg,sportvisserij_nl + bestaande_db
nl-snoekbaars,Snoekbaars,15,2,Sander lucioperca,zoet,roofvis,roofvis,roofvis,common,no,NL,yes,yes,style_common,Het oorspronkelijke leefgebied van snoekbaars strekt zich vanaf de Elbe uit tot Centraal-AziÃ« inclusief het stroomgebied van de Donau en de stroomgebieden rondom de Oostzee. Door uitzettingen ten behoeve van de visserij komt de soort tegenwoordig ook in veel andere stroomgebieden voor. In Nederland is de soort vanaf het begin van de 20e eeuw massaal uitgezet.,"Snoekbaars heeft een voorkeur voor relatief diep troebel water zonder waterplanten in de midden en benedenlopen van rivieren en grotere stilstaande wateren. In Nederland komt snoekbaars in meren, plassen, rivieren en kanalen voor. De jonge dieren leven van dierlijk plankton. Vanaf een lengte van ongeveer 10 centimeter schakelen ze volledig over op vis. Snoekbaars is lichtschuw en jaagt nabij de bodem.",https://www.verspreidingsatlas.nl/verspreidingskaart.aspx?soortcode=3001309,"Snoekbaars (Sander lucioperca) is een roofvis die behoort tot de familie van de baarzen (Percidae) en heeft een langgerekt lichaam met twee rugvinnen een spitse kop en grote scherpe tanden. De flanken zijn lichtgrijs tot zilverkleurig met donkere verticale strepen. Snoekbaars kan een lengte van 130 centimeter bereiken, maar wordt zelden langer dan 100 centimeter. Van de soorten die gelijkenis vertonen heeft baars een donkere vlek in de eerste rugvin, snoek en pos hebben Ã©Ã©n aaneengesloten rugvin.",106 cm,fresh,SoortenDash_Images/3.Foto.213548.jpg,sportvisserij_nl + bestaande_db
nl-snotolf,Snotolf,10,1,Cyclopterus lumpus,zout,zeevis,zeevis,zeevis,common,unknown,NL,yes,yes,style_common,,,,,,sea,,sportvisserij_nl
nl-spiegelkarper,Spiegelkarper,15,2,Cyprinus carpio carpio,zoet,witvis,karper,witvis,uncommon,no,NL,yes,yes,style_common,"Oorspronkelijk komt karper uit stroomgebieden rond de Kaspische Zee, Zwarte Zee en het Aralmeer. De soort vormt al eeuwen een belangrijke bron van voedsel. Karpers werden hiervoor in vijvers gehouden, gekweekt en getransporteerd waardoor de soort zich wereldwijd verspreid heeft. Archeologische vondsten wijzen erop dat de soort al vanaf de 14e eeuw in Nederland voorkomt.","Karpers kunnen in vrijwel alle watertypen voorkomen van de grote rivieren, meren en kanalen tot in bredere sloten en vijvers. Karper woelt met de uitstulpbare bek de bodem om op zoek naar waterdiertjes als het warmer is wordt er soms ook aan het wateroppervlakte naar voedsel gezocht. Deze soort komt in Nederland voor in vrijwel alle verschillende watertypen.",https://www.verspreidingsatlas.nl/verspreidingskaart.aspx?soortcode=3001099,"Karper (Cyprinus carpio) is een langgerekte kaperachtige (Cyprinidae), kweekvarianten hebben doorgaans een hogere rug. Karpers zijn van nature volledig beschubd, maar sommige kweekvarianten hebben slechts enkele (spiegelkarper en rijenkarper) of helemaal geen schubben (lederkarper). De flanken zijn brons tot bruinkleurig maar er zijn ook oranje, gele, witte en zwarte kweekvarianten (o.a. koikarpers). Jonge karpers hebben vaak een donkere vlek op de staartwortel. De soort kan tot circa 120 centimeter lang worden. Het onderscheid met de gelijkende soorten kroeskarper en giebel is te maken doordat deze soorten geen bekdraden hebben, karper heeft er vier: twee korte bekdraden op de bovenlip en twee langere bekdraden in de mondhoek. Jonge zeelten vertonen enige gelijkenis met jonge karper. Zeelt heeft echter kleine nauwelijks zichtbare schubben en een korte rugvin (12-13 vinstralen).",108 cm (31.4 kg),fresh,SoortenDash_Images/5.Foto.213048.jpg,sportvisserij_nl + bestaande_db
nl-spiering,Spiering,10,1,Osmerus eperlanus,zoet,witvis,witvis,witvis,common,no,NL,yes,yes,style_common,,,,,,fresh,,sportvisserij_nl + bestaande_db
nl-steenbolk,Steenbolk,10,1,Trisopterus luscus,zout,zeevis,zeevis,zeevis,common,unknown,NL,yes,yes,style_common,,,,,,sea,,sportvisserij_nl
nl-stekelrog,Stekelrog,10,1,Raja clavata,zout,haai/rog,haai/rog,haai/rog,common,unknown,NL,yes,yes,style_common,,,,,,sea,,sportvisserij_nl
nl-sterlet,Sterlet,10,1,Acipenser ruthenus,zoet,witvis,witvis,witvis,common,no,NL,yes,yes,style_common,,,,,,fresh,,sportvisserij_nl + bestaande_db
nl-tarbot,Tarbot,10,1,Scophthalmus maximus,zout,platvis,platvis,platvis,common,unknown,NL,yes,yes,style_common,,,,,,sea,,sportvisserij_nl
nl-tiendoornige-stekelbaars,Tiendoornige stekelbaars,8,1,Pungitius pungitius,zoet,witvis,witvis,witvis,common,no,NL,yes,yes,style_common,,,,,6 cm,fresh,SoortenDash_Images/33.Foto.214340.jpg,sportvisserij_nl + bestaande_db
nl-tong,Tong,10,1,Solea solea,zout,platvis,platvis,platvis,common,unknown,NL,yes,yes,style_common,,,,,,sea,,sportvisserij_nl
nl-tongschar,Tongschar,10,1,Microstomus kitt,zout,platvis,platvis,platvis,common,unknown,NL,yes,yes,style_common,,,,,,sea,,sportvisserij_nl
nl-trekkervis,Trekkervis,10,1,Balistes capriscus,zout,zeevis,zeevis,zeevis,common,unknown,NL,yes,yes,style_common,,,,,,sea,,sportvisserij_nl
nl-vetje,Vetje,5,1,Leucaspius delineatus,zoet,witvis,witvis,witvis,common,no,NL,yes,yes,style_common,,,,,,fresh,,sportvisserij_nl + bestaande_db
nl-vijfdradige-meun,Vijfdradige meun,10,1,Ciliata mustela,zout,zeevis,zeevis,zeevis,common,unknown,NL,yes,yes,style_common,,,,,,sea,,sportvisserij_nl
nl-vlagzalm,Vlagzalm,25,1,Thymallus thymallus,zoet,roofvis,roofvis,roofvis,common,no,NL,yes,yes,style_common,Zoet,,,,,fresh,,sportvisserij_nl + bestaande_db
nl-vleet,Vleet,10,1,Raja batis,zout,haai/rog,haai/rog,haai/rog,common,unknown,NL,yes,yes,style_common,,,,,,sea,,sportvisserij_nl
nl-vorskwab,Vorskwab,10,1,Raniceps raninus,zout,zeevis,zeevis,zeevis,common,unknown,NL,yes,yes,style_common,,,,,,sea,,sportvisserij_nl
nl-wijting,Wijting,10,1,Merlangius merlangus,zout,zeevis,zeevis,zeevis,common,unknown,NL,yes,yes,style_common,,,,,,sea,,sportvisserij_nl
nl-winde,Winde,10,2,Leuciscus idus,zoet,witvis,witvis,witvis,uncommon,no,NL,yes,yes,style_common,"Winde komt in een groot deel van Europa voor, maar niet in Zuid-Europa, Ierland en Schotland. Het verspreidingsgebied strekt zich tot diep in AziÃ« uit ten noorden van de Zwarte en Kaspische Zee.In Nederland is winde een vrij algemene vissoort in de grote rivieren en de daarmee verbonden wateren.","Volwassen winde leeft in de hoofdstroom van de langzamer stromende benedenlopen van rivieren en de hiermee in verbinding staande wateren. Juveniele winde groeit op in de ondiepere langzaam stromende oeverzones. Naarmate de dieren groter worden trekken ze naar dieper water. De soort eet voornamelijk dierlijk voedsel, zoals insectenlarven, slakken, mosselen en kleine vissen.",https://www.verspreidingsatlas.nl/verspreidingskaart.aspx?soortcode=3001168,"Winde (Leuciscus idus) behoort tot de familie van de karpers (Cyprinidae) en heeft een langgerekt zijdelings afgeplat lichaam met zilveren flanken en een relatief kleine eindstandige bek. Oudere dieren krijgen vaak een donkere grijs- tot groenbruine kleur. De soort kan 70 centimeter groot worden maar wordt doorgaans niet groter dan 60 centimeter. Vooral de jongere windes worden gemakkelijk verward met andere karperachtigen zoals blankvoorn, kopvoorn, sneep, serpeling en roofblei. Het onderscheid met blankvoorn is te maken op basis van het aantal schubben op de zijlijn (winde: 55-61, blankvoorn :39-48). Kopvoorn heeft een bolronde anaalvin, die van winde is recht tot holrond. Sneep en serpeling hebben een onderstandige bek en sneep heeft een vlezige neus. Roofblei heeft een grote bovenstandige bek met een puntig eindigende onderkaak die in een kuiltje in de bovenkaak valt.",61 cm,fresh,SoortenDash_Images/19.Foto.214117.jpg,sportvisserij_nl + bestaande_db
nl-witvingrondel,Witvingrondel,3,1,Romanogobio belingi,zoet,witvis,witvis,witvis,common,no,NL,yes,yes,style_common,,,,,,fresh,,sportvisserij_nl + bestaande_db
nl-zeebaars,Zeebaars,10,1,Dicentrarchus labrax,zout,zeevis,zeevis,zeevis,common,unknown,NL,yes,yes,style_common,,,,,,sea,,sportvisserij_nl
nl-zeedonderpad,Zeedonderpad,10,1,Myoxocephalus scorpius,zout,zeevis,zeevis,zeevis,common,unknown,NL,yes,yes,style_common,,,,,,sea,,sportvisserij_nl
nl-zeeduivel,Zeeduivel,10,1,Lophius piscatorius,zout,zeevis,zeevis,zeevis,common,unknown,NL,yes,yes,style_common,,,,,,sea,,sportvisserij_nl
nl-zeeforel,Zeeforel,25,1,Salmo trutta,zoet,roofvis,roofvis,roofvis,common,no,NL,yes,yes,style_common,Zout,,,,,fresh,,sportvisserij_nl + bestaande_db
nl-zeekarper,Zeekarper,10,1,Spondyliosoma cantharus,zout,zeevis,zeevis,zeevis,common,unknown,NL,yes,yes,style_common,,,,,,sea,,sportvisserij_nl
nl-zeelt,Zeelt,8,1,Tinca tinca,zoet,witvis,witvis,witvis,common,no,NL,yes,yes,style_common,"Zeelt komt in bijna heel Europa voor met uitzondering van het noorden van Scholtand, ScandinaviÃ« en SiberiÃ« en het zuiden van Griekenland. In Nederland is deze soort te vinden in vrijwel elke watertype.","De voortplanting gebeurt in de periode van mei tot augustus in dichtbegroeide oevers. De jonge dieren verschuilen en voeden zich in de oeverzone. De soort is nachtactief en het voedsel bestaat uit insectenlarven, kreeftachtigen, plantendelen en dood organisch materiaal.",https://www.verspreidingsatlas.nl/verspreidingskaart.aspx?soortcode=3001319,De zeelt (Tinca tinca) behoort tot de familie van de karperachtigen (Cyprinidae) en heeft olijfgroene tot goudkleurige flanken. De soort heeft twee bekdraden die niet altijd goed zichtbaar zijn. Zeelt kan een lengte bereiken van circa 65 centimeter. Jonge zeelten vertonen enige gelijkenis met jonge karper en kroeskarper. Zeelt heeft echter kleine nauwelijks zichtbare schubben en een korte rugvin (12-13 vinstralen).,65 cm (5.1 kg),fresh,SoortenDash_Images/4.Foto.213609.jpg,sportvisserij_nl + bestaande_db
nl-zeeprik,Zeeprik,50,4,Petromyzon marinus,zoet,witvis,witvis,witvis,epic,yes,NL,yes,yes,style_epic,Zout,,,,,fresh,,sportvisserij_nl + bestaande_db
nl-zeewolf,Zeewolf,10,1,Anarhichas lupus,zout,zeevis,zeevis,zeevis,common,unknown,NL,yes,yes,style_common,,,,,,sea,,sportvisserij_nl
nl-zilverkarper,Zilverkarper,20,1,Hypophthalmichthys molitrix,zoet,witvis,karper,witvis,common,no,NL,yes,yes,style_common,Zoet,,,,,fresh,,sportvisserij_nl + bestaande_db
nl-zonnebaars,Zonnebaars,5,1,Lepomis gibbosus,zoet,roofvis,roofvis,roofvis,common,no,NL,yes,yes,style_common,,,,,,fresh,,sportvisserij_nl + bestaande_db
nl-zonnevis,Zonnevis,10,1,Zeus faber,zout,zeevis,zeevis,zeevis,common,unknown,NL,yes,yes,style_common,,,,,,sea,,sportvisserij_nl
nl-zwartbekgrondel,Zwartbekgrondel,3,1,Neogobius melanostomus,zoet,witvis,witvis,witvis,common,no,NL,yes,yes,style_common,,,,,21 cm,fresh,SoortenDash_Images/29.Foto.214328.jpg,sportvisserij_nl + bestaande_db
nl-zwarte-amerikaanse-dwergmeerval,Zwarte Amerikaanse dwergmeerval,20,1,Ameiurus melas,zoet,witvis,witvis,witvis,common,no,NL,yes,yes,style_common,,,,,,fresh,,sportvisserij_nl + bestaande_db
nl-zwarte-grondel,Zwarte grondel,10,1,Gobius niger,zout,zeevis,zeevis,zeevis,common,unknown,NL,yes,yes,style_common,,,,,,sea,,sportvisserij_nl
nl-zwartooglipvis,Zwartooglipvis,10,1,Symphodus melops,zout,zeevis,zeevis,zeevis,common,unknown,NL,yes,yes,style_common,,,,,,sea,,sportvisserij_nl
vis_baars,Baars,15,Easy,Perca fluviatilis,Europe,roofvis,No,No,Common,Small,50,5,No,No,Zoet,Small,Insects,Spring,Day,School,High,Yes
vis_brasem,Brasem,10,Easy,Abramis brama,Europe,witvis,No,No,Common,Medium,75,7,No,No,Zoet,Medium,Benthos,Summer,Night,School,Medium,Yes
vis_ruisvoorn,Ruisvoorn,10,Easy,Scardinius erythrophthalmus,Europe,witvis,No,No,Common,Small,45,2,No,No,Zoet,Small,Insects,Summer,Day,School,Medium,Yes